Line,Analysis,Time Code,Port,Inj Nr,d(18_16)Mean,d(D_H)Mean,H2O_Mean,Ignore,Good,Identifier 1,Identifier 2,Gas Configuration,Timestamp Mean,d(18_16)_SD,d(D_H)_SD,H2O_SD,d(18_16)_Sl,d(D_H)_Sl,H2O_Sl,baseline_shift,slope_shift,residuals,baseline_curvature,interval,ch4_ppm,h16od_adjust,h16od_shift,n2_flag,DAS Temp,Tray,Sample,Job,Method,Error Code,Pulse Good
1,P-5209,2019/08/31 15:03:50,1-01,1,-9.933,-73.734,20558,-1,1,MilliQ IsoLab_2,,H2O,1567264134.09,0.077,0.285,59.865,0,-0.004,1.416,117.521,27.029,2.64,105.618,0.724,-0.675,0,0,1,39.688,1,1,1,test02,0,1
2,P-5209,2019/08/31 15:12:49,1-01,2,-9.832,-72.144,20226,-1,1,MilliQ IsoLab_2,,H2O,1567264673.89,0.086,0.293,53.32,0,-0.004,1.263,114.447,26.751,2.553,103.033,0.723,-0.845,0,0,1,39.688,1,1,1,test02,0,1
3,P-5209,2019/08/31 15:21:49,1-01,3,-9.859,-71.676,20121,-1,1,MilliQ IsoLab_2,,H2O,1567265212.95,0.087,0.428,48.457,0,-0.003,1.141,113.517,26.642,2.585,103.365,0.724,-0.655,0,0,1,39.625,1,1,1,test02,0,1
4,P-5209,2019/08/31 15:30:48,1-01,4,-9.869,-71.502,20157,0,1,MilliQ IsoLab_2,,H2O,1567265752.08,0.079,0.319,48.411,0,-0.003,1.152,113.514,26.87,2.614,103.869,0.724,-0.575,0,0,1,39.625,1,1,1,test02,0,1
5,P-5209,2019/08/31 15:39:48,1-01,5,-9.865,-71.381,19996,0,1,MilliQ IsoLab_2,,H2O,1567266292.1,0.088,0.316,48.655,0,-0.003,1.157,112.526,26.667,2.565,102.971,0.724,-0.553,0,0,1,39.688,1,1,1,test02,0,1
6,P-5209,2019/08/31 15:48:47,1-01,6,-9.849,-71.201,20233,0,1,MilliQ IsoLab_2,,H2O,1567266831.24,0.086,0.321,48.621,0,-0.003,1.157,114.244,26.402,2.582,104.166,0.724,-0.71,0,0,1,39.625,1,1,1,test02,0,1
7,P-5210,2019/08/31 15:57:47,1-02,7,-9.848,-71.167,20046,-1,1,MilliQ IsoLab_2,,H2O,1567267371.04,0.083,0.298,49.865,0,-0.003,1.186,113.118,26.143,2.59,103.272,0.724,-0.697,0,0,1,39.562,1,2,1,test02,0,1
8,P-5210,2019/08/31 16:06:46,1-02,8,-9.863,-71.034,20176,-1,1,MilliQ IsoLab_2,,H2O,1567267910.25,0.081,0.314,49.266,0,-0.003,1.172,113.549,26.679,2.616,104.596,0.724,-0.446,0,0,1,39.562,1,2,1,test02,0,1
9,P-5210,2019/08/31 16:15:46,1-02,9,-9.693,-70.845,20171,-1,1,MilliQ IsoLab_2,,H2O,1567268450.04,0.083,0.28,56.863,0,-0.001,1.346,113.721,26.343,2.63,104.313,0.724,-0.598,0,0,1,39.625,1,2,1,test02,0,1
10,P-5210,2019/08/31 16:24:46,1-02,10,-9.852,-70.862,20317,0,1,MilliQ IsoLab_2,,H2O,1567268989.51,0.093,0.375,49.979,0,-0.004,1.19,114.736,26.756,2.568,103.616,0.724,-0.873,0,0,1,39.625,1,2,1,test02,0,1
11,P-5210,2019/08/31 16:33:45,1-02,11,-9.857,-70.889,20410,0,1,MilliQ IsoLab_2,,H2O,1567269529.28,0.079,0.318,49.441,0,-0.003,1.177,114.817,27.195,2.648,105.782,0.724,-0.478,0,0,1,39.688,1,2,1,test02,0,1
12,P-5210,2019/08/31 16:42:44,1-02,12,-9.719,-70.774,20386,0,1,MilliQ IsoLab_2,,H2O,1567270068.35,0.082,0.287,55.725,0,0,1.325,114.72,27.006,2.684,105.949,0.724,-0.446,0,0,1,39.688,1,2,1,test02,0,1
13,P-5211,2019/08/31 16:51:43,1-03,1,-27.52,-205.673,20002,-1,1,SEZ-2_3,,H2O,1567270607.44,0.075,0.33,50.808,0,0.003,1.205,112.479,27.071,2.57,102.066,0.723,-0.519,0,0,1,39.625,1,3,1,test02,0,1
14,P-5211,2019/08/31 17:00:42,1-03,2,-27.957,-211.296,20429,-1,1,SEZ-2_3,,H2O,1567271146.53,0.08,0.403,51.345,0,0.006,1.217,115.181,27.633,2.596,103.518,0.724,-0.566,0,0,1,39.688,1,3,1,test02,0,1
15,P-5211,2019/08/31 17:09:42,1-03,3,-28.051,-212.484,20431,-1,1,SEZ-2_3,,H2O,1567271686.46,0.086,0.325,50.254,0.001,0.004,1.19,115.289,27.229,2.642,104.122,0.724,-0.547,0,0,1,39.75,1,3,1,test02,0,1
16,P-5211,2019/08/31 17:18:42,1-03,4,-28.084,-213.018,20328,0,1,SEZ-2_3,,H2O,1567272226.47,0.081,0.311,50.38,0,0.005,1.194,114.422,27.632,2.621,103.338,0.723,-0.478,0,0,1,39.812,1,3,1,test02,0,1
17,P-5211,2019/08/31 17:27:42,1-03,5,-28.059,-213.146,20489,0,1,SEZ-2_3,,H2O,1567272766.23,0.085,0.304,50.677,0,0.003,1.2,115.569,27.773,2.583,103.475,0.724,-0.65,0,0,1,39.812,1,3,1,test02,0,1
18,P-5211,2019/08/31 17:36:43,1-03,6,-28.087,-213.336,20464,0,1,SEZ-2_3,,H2O,1567273307.21,0.08,0.301,50.01,0,0.003,1.185,115.472,27.647,2.569,103.206,0.724,-0.7,0,0,1,39.812,1,3,1,test02,0,1
19,P-5212,2019/08/31 17:45:42,1-04,7,-28.11,-213.538,19970,-1,1,SEZ-2_3,,H2O,1567273847.04,0.078,0.299,50.56,0,0.003,1.199,112.027,27.253,2.579,102.446,0.723,-0.285,0,0,1,39.75,1,4,1,test02,0,1
20,P-5212,2019/08/31 17:54:42,1-04,8,-28.116,-213.679,20190,-1,1,SEZ-2_3,,H2O,1567274385.69,0.076,0.303,50.133,0,0.003,1.194,113.771,27.477,2.5,101.468,0.724,-0.689,0,0,1,39.688,1,4,1,test02,0,1
21,P-5212,2019/08/31 18:03:41,1-04,9,-28.108,-213.669,20483,-1,1,SEZ-2_3,,H2O,1567274925.1,0.084,0.385,51.012,0,0.003,1.203,115.709,27.312,2.574,103.798,0.724,-0.68,0,0,1,39.688,1,4,1,test02,0,1
22,P-5212,2019/08/31 18:12:41,1-04,10,-28.13,-213.885,20419,0,1,SEZ-2_3,,H2O,1567275465.85,0.085,0.302,50.798,0,0.003,1.201,114.927,28.119,2.604,102.831,0.725,-0.621,0,0,1,39.688,1,4,1,test02,0,1
23,P-5212,2019/08/31 18:21:41,1-04,11,-28.135,-213.971,20360,0,1,SEZ-2_3,,H2O,1567276005.3,0.077,0.251,50.353,0,0.002,1.199,114.734,27.631,2.541,102.85,0.723,-0.61,0,0,1,39.688,1,4,1,test02,0,1
24,P-5212,2019/08/31 18:30:41,1-04,12,-28.131,-213.955,20387,0,1,SEZ-2_3,,H2O,1567276545.03,0.084,0.322,50.643,0.001,0.002,1.199,114.688,28.161,2.568,102.695,0.723,-0.673,0,0,1,39.625,1,4,1,test02,0,1
25,P-5213,2019/08/31 18:39:40,1-05,1,-1.813,-20.402,19941,-1,1,HGL-1_7,,H2O,1567277083.98,0.081,0.372,50.996,0,-0.005,1.21,112.236,25.647,2.611,104.356,0.723,-0.529,0,0,1,39.562,1,5,1,test02,0,1
26,P-5213,2019/08/31 18:48:40,1-05,2,-1.134,-12.496,19962,-1,1,HGL-1_7,,H2O,1567277623.84,0.094,0.404,54.554,0,-0.007,1.292,112.206,26.129,2.605,103.961,0.724,-0.535,0,0,1,39.562,1,5,1,test02,0,1
27,P-5213,2019/08/31 18:57:40,1-05,3,-1.075,-10.956,20048,-1,1,HGL-1_7,,H2O,1567278164.34,0.089,0.401,50.767,0,-0.007,1.204,112.676,26.06,2.636,105.266,0.723,-0.415,0,0,1,39.625,1,5,1,test02,0,1
28,P-5213,2019/08/31 19:06:40,1-05,4,-0.951,-10.159,20089,0,1,HGL-1_7,,H2O,1567278704.34,0.085,0.347,55.078,0,-0.005,1.312,113.157,25.949,2.654,104.564,0.724,-0.658,0,0,1,39.625,1,5,1,test02,0,1
29,P-5213,2019/08/31 19:15:40,1-05,5,-0.989,-9.68,20154,0,1,HGL-1_7,,H2O,1567279244.17,0.083,0.39,50.906,0,-0.006,1.213,113.575,25.567,2.667,106.3,0.723,-0.469,0,0,1,39.688,1,5,1,test02,0,1
30,P-5213,2019/08/31 19:24:40,1-05,6,-0.914,-9.407,20109,0,1,HGL-1_7,,H2O,1567279784.26,0.081,0.349,55.304,0,-0.004,1.31,113.009,26.47,2.657,104.662,0.724,-0.585,0,0,1,39.812,1,5,1,test02,0,1
31,P-5214,2019/08/31 19:33:40,1-06,7,-0.904,-9.166,20248,-1,1,HGL-1_7,,H2O,1567280323.73,0.086,0.336,54.482,0,-0.004,1.297,114.231,26.053,2.611,105.199,0.724,-0.731,0,0,1,39.812,1,6,1,test02,0,1
32,P-5214,2019/08/31 19:42:39,1-06,8,-0.976,-9.029,20162,-1,1,HGL-1_7,,H2O,1567280862.79,0.084,0.325,50.939,0,-0.003,1.212,113.596,25.939,2.629,105.25,0.724,-0.581,0,0,1,39.812,1,6,1,test02,0,1
33,P-5214,2019/08/31 19:51:39,1-06,9,-0.95,-8.949,20231,-1,1,HGL-1_7,,H2O,1567281403.3,0.08,0.336,50.666,0,-0.004,1.2,114.239,25.662,2.648,105.725,0.724,-0.646,0,0,1,39.75,1,6,1,test02,0,1
34,P-5214,2019/08/31 20:00:39,1-06,10,-0.918,-8.692,20336,0,1,HGL-1_7,,H2O,1567281942.9,0.089,0.373,51.07,0,-0.003,1.214,114.668,26.233,2.663,105.869,0.724,-0.611,0,0,1,39.625,1,6,1,test02,0,1
35,P-5214,2019/08/31 20:09:39,1-06,11,-0.88,-8.652,20356,0,1,HGL-1_7,,H2O,1567282483.17,0.082,0.332,54.364,0,-0.003,1.293,114.911,26.494,2.607,104.568,0.724,-0.836,0,0,1,39.625,1,6,1,test02,0,1
36,P-5214,2019/08/31 20:18:38,1-06,12,-0.888,-8.583,20370,0,1,HGL-1_7,,H2O,1567283022.72,0.074,0.32,55.279,0,-0.002,1.311,114.751,26.327,2.674,106.607,0.724,-0.507,0,0,1,39.688,1,6,1,test02,0,1
37,P-5215,2019/08/31 20:27:38,1-07,1,-42.24,-339.802,20057,-1,1,MXW_7,,H2O,1567283562.23,0.093,0.472,50.842,0.001,0.008,1.211,112.72,27.847,2.53,100.6,0.724,-0.497,0,0,1,39.688,1,7,1,test02,0,1
38,P-5215,2019/08/31 20:36:38,1-07,2,-43.319,-353.991,20160,-1,1,MXW_7,,H2O,1567284101.95,0.09,0.657,51.309,0.001,0.014,1.217,113.301,28.459,2.538,99.934,0.723,-0.544,0,0,1,39.812,1,7,1,test02,0,1
39,P-5215,2019/08/31 20:45:37,1-07,3,-43.497,-356.727,20093,-1,1,MXW_7,,H2O,1567284641.49,0.084,0.681,50.658,0.001,0.015,1.201,113.059,27.451,2.549,101.373,0.723,-0.423,0,0,1,39.812,1,7,1,test02,0,1
40,P-5215,2019/08/31 20:54:37,1-07,4,-43.521,-357.788,20170,0,1,MXW_7,,H2O,1567285181.51,0.092,0.542,51.011,0.001,0.011,1.213,113.458,27.798,2.547,101.458,0.724,-0.398,0,0,1,39.812,1,7,1,test02,0,1
41,P-5215,2019/08/31 21:03:37,1-07,5,-43.56,-358.506,20326,0,1,MXW_7,,H2O,1567285721.01,0.088,0.498,50.876,0.001,0.01,1.206,114.641,27.537,2.571,102.333,0.723,-0.494,0,0,1,39.75,1,7,1,test02,0,1
42,P-5215,2019/08/31 21:12:37,1-07,6,-43.536,-359,20247,0,1,MXW_7,,H2O,1567286260.81,0.087,0.454,55.558,0.001,0.009,1.32,114.105,28.099,2.508,100.218,0.724,-0.653,0,0,1,39.688,1,7,1,test02,0,1
43,P-5216,2019/08/31 21:21:36,1-08,7,-43.631,-359.372,19978,-1,1,MXW_7,,H2O,1567286800.33,0.084,0.438,52.293,0.001,0.009,1.246,112.301,27.674,2.529,100.027,0.724,-0.476,0,0,1,39.625,1,8,1,test02,0,1
44,P-5216,2019/08/31 21:30:36,1-08,8,-43.628,-359.547,20302,-1,1,MXW_7,,H2O,1567287340.69,0.081,0.457,51.377,0.001,0.008,1.218,114.15,28.236,2.579,102.008,0.724,-0.415,0,0,1,39.688,1,8,1,test02,0,1
45,P-5216,2019/08/31 21:39:36,1-08,9,-43.668,-359.958,20445,-1,1,MXW_7,,H2O,1567287880.05,0.088,0.468,50.885,0.001,0.009,1.205,115,28.142,2.622,103.673,0.724,-0.259,0,0,1,39.75,1,8,1,test02,0,1
46,P-5216,2019/08/31 21:48:35,1-08,10,-43.657,-360.118,20449,0,1,MXW_7,,H2O,1567288419.36,0.086,0.36,50.41,0,0.006,1.201,115.036,28.467,2.579,102.707,0.724,-0.385,0,0,1,39.812,1,8,1,test02,0,1
47,P-5216,2019/08/31 21:57:35,1-08,11,-43.58,-360.138,20502,0,1,MXW_7,,H2O,1567288959.54,0.09,0.428,56.208,0.001,0.008,1.331,115.391,28.802,2.558,101.992,0.724,-0.57,0,0,1,39.75,1,8,1,test02,0,1
48,P-5216,2019/08/31 22:06:35,1-08,12,-43.643,-360.264,20611,0,1,MXW_7,,H2O,1567289500.09,0.089,0.388,51.805,0.001,0.007,1.228,116.218,28.432,2.589,103.141,0.724,-0.533,0,0,1,39.812,1,8,1,test02,0,1
49,P-5217,2019/08/31 22:15:36,1-09,1,-14.291,-116.516,19925,-1,1,HDW1_3,,H2O,1567290040.41,0.086,0.293,50.444,-0.001,-0.001,1.196,111.992,26.331,2.575,103.047,0.724,-0.43,0,0,1,39.812,1,9,1,test02,0,1
50,P-5217,2019/08/31 22:24:36,1-09,2,-13.681,-107.53,20266,-1,1,HDW1_3,,H2O,1567290580.15,0.092,0.384,50.564,0,-0.006,1.198,114.083,26.813,2.645,104.653,0.724,-0.533,0,0,1,39.875,1,9,1,test02,0,1
51,P-5217,2019/08/31 22:33:36,1-09,3,-13.559,-105.552,20234,-1,1,HDW1_3,,H2O,1567291120.62,0.087,0.36,50.534,0,-0.006,1.203,113.816,27.093,2.589,103.862,0.723,-0.573,0,0,1,39.812,1,9,1,test02,0,1
52,P-5217,2019/08/31 22:42:36,1-09,4,-13.507,-104.705,20139,0,1,HDW1_3,,H2O,1567291660.32,0.082,0.369,50.682,0,-0.005,1.199,113.328,26.402,2.611,104.626,0.725,-0.439,0,0,1,39.75,1,9,1,test02,0,1
53,P-5217,2019/08/31 22:51:35,1-09,5,-13.481,-104.182,20289,0,1,HDW1_3,,H2O,1567292199.33,0.079,0.292,51.116,0,-0.004,1.211,114.545,26.786,2.583,103.035,0.724,-0.884,0,0,1,39.688,1,9,1,test02,0,1
54,P-5217,2019/08/31 23:00:34,1-09,6,-13.444,-103.681,20361,0,1,HDW1_3,,H2O,1567292737.91,0.086,0.35,51.406,0,-0.004,1.217,114.672,26.909,2.634,104.94,0.724,-0.505,0,0,1,39.625,1,9,1,test02,0,1
55,P-5218,2019/08/31 23:09:34,1-10,7,-13.424,-103.395,20186,-1,1,HDW1_3,,H2O,1567293278.03,0.087,0.324,51.391,0,-0.003,1.219,113.728,26.448,2.595,104.349,0.724,-0.603,0,0,1,39.688,1,10,1,test02,0,1
56,P-5218,2019/08/31 23:18:34,1-10,8,-13.442,-103.368,20176,-1,1,HDW1_3,,H2O,1567293817.88,0.08,0.312,50.933,0,-0.004,1.207,113.846,26.537,2.554,102.669,0.724,-0.843,0,0,1,39.75,1,10,1,test02,0,1
57,P-5218,2019/08/31 23:27:34,1-10,9,-13.452,-103.345,20409,-1,1,HDW1_3,,H2O,1567294357.97,0.09,0.307,50.011,0,-0.002,1.193,114.784,27.468,2.612,104.831,0.723,-0.526,0,0,1,39.75,1,10,1,test02,0,1
58,P-5218,2019/08/31 23:36:34,1-10,10,-13.44,-103.174,20326,0,1,HDW1_3,,H2O,1567294898.85,0.073,0.285,50.887,0,-0.002,1.211,114.251,27.137,2.68,105.154,0.725,-0.402,0,0,1,39.875,1,10,1,test02,0,1
59,P-5218,2019/08/31 23:45:34,1-10,11,-13.434,-103.107,20400,0,1,HDW1_3,,H2O,1567295438.39,0.083,0.277,51.571,0,-0.002,1.222,114.933,26.852,2.625,105.407,0.724,-0.484,0,0,1,39.938,1,10,1,test02,0,1
60,P-5218,2019/08/31 23:54:34,1-10,12,-13.404,-102.861,20406,0,1,HDW1_3,,H2O,1567295978.12,0.082,0.298,51.316,0,-0.002,1.222,115.184,26.644,2.654,104.92,0.724,-0.736,0,0,1,39.875,1,10,1,test02,0,1
61,P-5219,2019/09/01 00:03:34,1-11,1,-34.889,-267.779,20083,-1,1,NGT_3,,H2O,1567296518.64,0.083,0.337,51.752,0.001,0.005,1.228,113.082,27.361,2.532,100.789,0.723,-0.612,0,0,1,39.75,1,11,1,test02,0,1
62,P-5219,2019/09/01 00:12:34,1-11,2,-35.344,-274.327,20144,-1,1,NGT_3,,H2O,1567297057.98,0.095,0.46,55.013,0.001,0.008,1.31,113.56,27.334,2.531,101.005,0.724,-0.715,0,0,1,39.688,1,11,1,test02,0,1
63,P-5219,2019/09/01 00:21:33,1-11,3,-35.449,-275.541,20173,-1,1,NGT_3,,H2O,1567297597.17,0.077,0.355,52.163,0,0.006,1.236,113.431,27.757,2.554,101.537,0.724,-0.526,0,0,1,39.625,1,11,1,test02,0,1
64,P-5219,2019/09/01 00:30:33,1-11,4,-35.483,-276.125,20215,0,1,NGT_3,,H2O,1567298137.5,0.084,0.372,52.383,0,0.006,1.242,113.734,27.416,2.593,102.919,0.724,-0.422,0,0,1,39.625,1,11,1,test02,0,1
65,P-5219,2019/09/01 00:39:32,1-11,5,-35.519,-276.561,20280,0,1,NGT_3,,H2O,1567298676.54,0.082,0.347,51.352,0,0.006,1.218,114.266,27.939,2.553,100.794,0.724,-0.702,0,0,1,39.688,1,11,1,test02,0,1
66,P-5219,2019/09/01 00:48:31,1-11,6,-35.532,-276.852,20340,0,1,NGT_3,,H2O,1567299215.59,0.082,0.325,50.799,0.001,0.005,1.204,114.535,28.175,2.519,101.493,0.724,-0.666,0,0,1,39.875,1,11,1,test02,0,1
67,P-5220,2019/09/01 00:57:32,1-12,1,-13.451,-116.594,19902,-1,1,S419_29.09.2017,,H2O,1567299755.7,0.086,0.331,52.258,0,-0.001,1.246,111.909,26.447,2.545,102.047,0.724,-0.581,0,0,1,39.875,1,12,1,test02,0,1
68,P-5220,2019/09/01 01:06:31,1-12,2,-12.864,-109.637,20642,-1,1,S419_29.09.2017,,H2O,1567300294.91,0.089,0.347,52.028,0,-0.003,1.239,116.455,27.182,2.676,106.432,0.724,-0.567,0,0,1,39.875,1,12,1,test02,0,1
69,P-5220,2019/09/01 01:15:30,1-12,3,-12.766,-108.386,20585,-1,1,S419_29.09.2017,,H2O,1567300834.47,0.086,0.309,51.903,0,-0.003,1.236,116.306,27.111,2.645,105.023,0.724,-0.726,0,0,1,39.75,1,12,1,test02,0,1
70,P-5220,2019/09/01 01:24:30,1-12,4,-12.716,-107.791,20065,0,1,S419_29.09.2017,,H2O,1567301373.94,0.089,0.299,51.744,0,-0.002,1.228,112.713,27.047,2.571,102.722,0.723,-0.568,0,0,1,39.625,1,12,1,test02,0,1
71,P-5220,2019/09/01 01:33:30,1-12,5,-12.699,-107.495,20153,0,1,S419_29.09.2017,,H2O,1567301914.38,0.082,0.341,51.551,0,-0.004,1.221,113.442,26.975,2.546,102.699,0.724,-0.649,0,0,1,39.688,1,12,1,test02,0,1
72,P-5220,2019/09/01 01:42:30,1-12,6,-12.954,-108.128,7237,0,1,S419_29.09.2017,,H2O,1567302461.3,0.11,0.432,32.222,0,-0.005,0.913,41.055,10.102,0.871,35.594,0.719,-0.321,0,0,1,39.688,1,12,1,test02,0,1
73,P-5221,2019/09/01 01:51:30,1-13,1,-16.337,-117.787,21958,-1,1,S420_30.09.2017,,H2O,1567302993.79,0.088,0.282,50.772,0,-0.002,1.195,124.398,28.425,2.947,115.688,0.725,-0.171,0,0,1,39.625,1,13,1,test02,0,1
74,P-5221,2019/09/01 02:00:29,1-13,2,-16.989,-119.612,20196,-1,1,S420_30.09.2017,,H2O,1567303533.53,0.081,0.267,49.993,0,-0.001,1.192,113.574,27.075,2.595,103.711,0.723,-0.475,0,0,1,39.688,1,13,1,test02,0,1
75,P-5221,2019/09/01 02:09:28,1-13,3,-17.053,-119.828,20689,-1,1,S420_30.09.2017,,H2O,1567304072.13,0.084,0.307,50.811,0,-0.001,1.203,116.718,28.001,2.591,104.54,0.725,-0.822,0,0,1,39.75,1,13,1,test02,0,1
76,P-5221,2019/09/01 02:18:27,1-13,4,-17.04,-119.699,20690,0,1,S420_30.09.2017,,H2O,1567304611.43,0.085,0.301,51.5,0,-0.001,1.221,116.64,27.647,2.668,106.051,0.724,-0.529,0,0,1,39.875,1,13,1,test02,0,1
77,P-5221,2019/09/01 02:27:26,1-13,5,-17.072,-119.802,20619,0,1,S420_30.09.2017,,H2O,1567305150.34,0.083,0.268,51.246,0,-0.001,1.221,116.252,27.509,2.657,105.64,0.724,-0.598,0,0,1,39.875,1,13,1,test02,0,1
78,P-5221,2019/09/01 02:36:26,1-13,6,-17.036,-119.721,20567,0,1,S420_30.09.2017,,H2O,1567305689.96,0.075,0.284,50.854,0,0,1.212,115.685,27.775,2.628,105.688,0.724,-0.432,0,0,1,39.875,1,13,1,test02,0,1
79,P-5222,2019/09/01 02:45:26,1-14,1,-23.769,-175.16,20806,-1,1,S421_03.10.2017,,H2O,1567306230.31,0.076,0.272,52.845,0,0.001,1.252,117.292,27.986,2.676,106.645,0.724,-0.413,0,0,1,39.875,1,14,1,test02,0,1
80,P-5222,2019/09/01 02:54:25,1-14,2,-23.829,-177.004,20928,-1,1,S421_03.10.2017,,H2O,1567306768.93,0.078,0.274,53.292,0,0.002,1.263,118.051,28.293,2.662,106.78,0.724,-0.574,0,0,1,39.875,1,14,1,test02,0,1
81,P-5222,2019/09/01 03:03:24,1-14,3,-23.788,-177.088,20959,-1,1,S421_03.10.2017,,H2O,1567307308.6,0.08,0.278,57.388,0,0.002,1.362,118.299,28.193,2.673,107.085,0.723,-0.518,0,0,1,39.812,1,14,1,test02,0,1
82,P-5222,2019/09/01 03:12:23,1-14,4,-23.53,-176.299,22060,0,1,S421_03.10.2017,,H2O,1567307847.04,0.082,0.252,58.758,0,0.002,1.383,124.97,29.706,2.882,113.26,0.726,-0.473,0,0,1,39.75,1,14,1,test02,0,1
83,P-5222,2019/09/01 03:21:22,1-14,5,-23.171,-174.92,21721,0,1,S421_03.10.2017,,H2O,1567308386.48,0.085,0.247,55.151,0,0.001,1.301,122.878,29.328,2.818,111.018,0.724,-0.517,0,0,1,39.688,1,14,1,test02,0,1
84,P-5222,2019/09/01 03:30:23,1-14,6,-22.859,-173.587,21785,0,1,S421_03.10.2017,,H2O,1567308927.16,0.083,0.241,56.366,0,0.001,1.334,123.476,28.979,2.834,111.575,0.725,-0.54,0,0,1,39.688,1,14,1,test02,0,1
85,P-5223,2019/09/01 03:39:23,1-15,1,NA,NA,NA,NA,NA,S422_04.10.2017,,H2O,NA,NA,NA,NA,NA,NA,NA,NA,NA,NA,NA,NA,NA,NA,NA,NA,NA,1,15,1,test02,0,1
86,P-5223,2019/09/01 03:49:24,1-15,2,NA,NA,NA,NA,NA,S422_04.10.2017,,H2O,NA,NA,NA,NA,NA,NA,NA,NA,NA,NA,NA,NA,NA,NA,NA,NA,NA,1,15,1,test02,0,1
87,P-5223,2019/09/01 03:59:26,1-15,3,NA,NA,NA,NA,NA,S422_04.10.2017,,H2O,NA,NA,NA,NA,NA,NA,NA,NA,NA,NA,NA,NA,NA,NA,NA,NA,NA,1,15,1,test02,0,1
88,P-5223,2019/09/01 04:09:27,1-15,4,NA,NA,NA,NA,NA,S422_04.10.2017,,H2O,NA,NA,NA,NA,NA,NA,NA,NA,NA,NA,NA,NA,NA,NA,NA,NA,NA,1,15,1,test02,0,1
89,P-5223,2019/09/01 04:19:29,1-15,5,NA,NA,NA,NA,NA,S422_04.10.2017,,H2O,NA,NA,NA,NA,NA,NA,NA,NA,NA,NA,NA,NA,NA,NA,NA,NA,NA,1,15,1,test02,0,1
90,P-5223,2019/09/01 04:29:31,1-15,6,NA,NA,NA,NA,NA,S422_04.10.2017,,H2O,NA,NA,NA,NA,NA,NA,NA,NA,NA,NA,NA,NA,NA,NA,NA,NA,NA,1,15,1,test02,0,1
91,P-5224,2019/09/01 04:39:33,1-16,1,-16.424,-126.529,19659,-1,1,S431_03.11.2017,,H2O,1567313077.22,0.082,0.293,44.069,0,0,1.043,110.491,26.221,2.511,100.617,0.723,-0.609,0,0,1,39.812,1,16,1,test02,0,1
92,P-5224,2019/09/01 04:48:32,1-16,2,-16.395,-125.824,20616,-1,1,S431_03.11.2017,,H2O,1567313616.19,0.078,0.276,49.007,0,0,1.161,116.146,27.892,2.614,105.203,0.724,-0.607,0,0,1,39.75,1,16,1,test02,0,1
93,P-5224,2019/09/01 04:57:31,1-16,3,-16.168,-124.872,20803,-1,1,S431_03.11.2017,,H2O,1567314155.4,0.085,0.313,48.882,0,-0.001,1.158,117.393,27.573,2.705,107.009,0.724,-0.549,0,0,1,39.625,1,16,1,test02,0,1
94,P-5224,2019/09/01 05:06:31,1-16,4,-16.38,-125.517,20657,0,1,S431_03.11.2017,,H2O,1567314695.58,0.081,0.361,49.302,0,-0.001,1.167,116.351,27.725,2.722,106.043,0.724,-0.493,0,0,1,39.562,1,16,1,test02,0,1
95,P-5224,2019/09/01 05:15:31,1-16,5,-16.424,-125.493,20500,0,1,S431_03.11.2017,,H2O,1567315235.54,0.08,0.335,49.023,0,-0.002,1.161,115.365,27.491,2.669,105.336,0.724,-0.441,0,0,1,39.625,1,16,1,test02,0,1
96,P-5224,2019/09/01 05:24:30,1-16,6,-16.439,-125.572,19098,0,1,S431_03.11.2017,,H2O,1567315774.72,0.08,0.31,48.027,0,-0.001,1.146,107.27,25.371,2.402,97.053,0.723,-0.766,0,0,1,39.688,1,16,1,test02,0,1
97,P-5225,2019/09/01 05:33:30,1-17,1,-32.109,-246.16,20077,-1,1,S437_03.12.2017,,H2O,1567316314.63,0.09,0.332,49.694,0.001,0.004,1.178,113.012,27.636,2.488,100.162,0.724,-0.714,0,0,1,39.688,1,17,1,test02,0,1
98,P-5225,2019/09/01 05:42:30,1-17,2,-32.612,-251.727,20575,-1,1,S437_03.12.2017,,H2O,1567316853.7,0.088,0.4,50.475,0.001,0.006,1.195,115.981,28.22,2.575,103.302,0.724,-0.619,0,0,1,39.75,1,17,1,test02,0,1
99,P-5225,2019/09/01 05:51:29,1-17,3,-32.63,-252.664,20628,-1,1,S437_03.12.2017,,H2O,1567317392.98,0.082,0.378,49.64,0,0.006,1.182,116.236,28.504,2.584,103.354,0.724,-0.605,0,0,1,39.812,1,17,1,test02,0,1
100,P-5225,2019/09/01 06:00:28,1-17,4,-32.671,-253.139,20687,0,1,S437_03.12.2017,,H2O,1567317932.73,0.08,0.36,50.048,0,0.005,1.191,116.77,28.243,2.631,103.728,0.724,-0.677,0,0,1,39.812,1,17,1,test02,0,1
101,P-5225,2019/09/01 06:09:28,1-17,5,-32.677,-253.449,20578,0,1,S437_03.12.2017,,H2O,1567318472.34,0.081,0.348,50.445,0.001,0.004,1.195,115.985,27.88,2.61,104.695,0.724,-0.468,0,0,1,39.875,1,17,1,test02,0,1
102,P-5225,2019/09/01 06:18:28,1-17,6,-32.691,-253.563,20611,0,1,S437_03.12.2017,,H2O,1567319012.54,0.077,0.388,50.573,0,0.005,1.204,116.035,28.587,2.598,103.396,0.724,-0.542,0,0,1,39.938,1,17,1,test02,0,1
103,P-5226,2019/09/01 06:27:28,1-18,1,-32.371,-251.25,20086,-1,1,S439_20.12.17,,H2O,1567319552.39,0.082,0.268,50.663,0,0.003,1.202,112.807,27.836,2.544,101.002,0.723,-0.504,0,0,1,40,1,18,1,test02,0,1
104,P-5226,2019/09/01 06:36:27,1-18,2,-32.376,-251.261,20662,-1,1,S439_20.12.17,,H2O,1567320090.84,0.086,0.338,51.738,0,0.004,1.226,116.504,28.664,2.56,102.781,0.724,-0.743,0,0,1,40.062,1,18,1,test02,0,1
105,P-5226,2019/09/01 06:45:27,1-18,3,-32.39,-251.316,20694,-1,1,S439_20.12.17,,H2O,1567320630.94,0.077,0.328,50.907,0,0.004,1.207,116.653,28.303,2.642,104.371,0.724,-0.612,0,0,1,39.938,1,18,1,test02,0,1
106,P-5226,2019/09/01 06:54:26,1-18,4,-32.374,-251.333,20374,0,1,S439_20.12.17,,H2O,1567321170.22,0.086,0.339,51.656,0,0.004,1.225,114.906,27.335,2.597,103.331,0.723,-0.504,0,0,1,39.812,1,18,1,test02,0,1
107,P-5226,2019/09/01 07:03:26,1-18,5,-32.364,-251.364,20397,0,1,S439_20.12.17,,H2O,1567321710.66,0.083,0.328,51.15,0,0.003,1.212,114.913,28,2.564,102.299,0.724,-0.657,0,0,1,39.688,1,18,1,test02,0,1
108,P-5226,2019/09/01 07:12:27,1-18,6,-32.35,-251.366,20585,0,1,S439_20.12.17,,H2O,1567322250.95,0.079,0.322,51.965,0,0.004,1.23,116.107,27.788,2.619,104.34,0.724,-0.516,0,0,1,39.625,1,18,1,test02,0,1
109,P-5227,2019/09/01 07:21:27,1-19,1,-20.396,-196.273,20208,-1,1,S443_23.01.2018,,H2O,1567322791.24,0.08,0.321,51.432,0,0.001,1.219,113.715,27.229,2.602,102.871,0.724,-0.582,0,0,1,39.625,1,19,1,test02,0,1
110,P-5227,2019/09/01 07:30:27,1-19,2,-20.09,-193.899,20815,-1,1,S443_23.01.2018,,H2O,1567323331.13,0.077,0.239,51.604,0,0,1.224,117.523,28.089,2.668,105.138,0.724,-0.654,0,0,1,39.688,1,19,1,test02,0,1
111,P-5227,2019/09/01 07:39:27,1-19,3,-20.055,-193.573,20539,-1,1,S443_23.01.2018,,H2O,1567323871.65,0.09,0.349,51.114,0,0.001,1.211,115.716,27.771,2.589,104.502,0.724,-0.53,0,0,1,39.75,1,19,1,test02,0,1
112,P-5227,2019/09/01 07:48:27,1-19,4,-20.023,-193.35,20686,0,1,S443_23.01.2018,,H2O,1567324411.17,0.081,0.267,51.102,0,0,1.216,116.416,28.265,2.627,105.419,0.725,-0.484,0,0,1,39.812,1,19,1,test02,0,1
113,P-5227,2019/09/01 07:57:26,1-19,5,-20.008,-193.169,20577,0,1,S443_23.01.2018,,H2O,1567324949.94,0.076,0.297,51.124,0,0,1.218,115.801,27.773,2.679,105.546,0.724,-0.456,0,0,1,39.812,1,19,1,test02,0,1
114,P-5227,2019/09/01 08:06:25,1-19,6,-20.009,-193.194,20472,0,1,S443_23.01.2018,,H2O,1567325489.5,0.074,0.322,51.127,0,0.001,1.211,115.416,27.514,2.6,103.905,0.724,-0.656,0,0,1,39.875,1,19,1,test02,0,1
115,P-5228,2019/09/01 08:15:25,1-20,1,7.076,-90.341,20224,-1,1,S455_10.04.2018,,H2O,1567326028.93,0.091,0.37,50.799,-0.001,-0.002,1.21,113.803,26.153,2.665,106.002,0.724,-0.377,0,0,1,39.875,1,20,1,test02,0,1
116,P-5228,2019/09/01 08:24:25,1-20,2,7.799,-85.909,20397,-1,1,S455_10.04.2018,,H2O,1567326569,0.088,0.337,51.577,-0.001,-0.004,1.222,114.983,26.195,2.659,106.832,0.724,-0.447,0,0,1,39.938,1,20,1,test02,0,1
117,P-5228,2019/09/01 08:33:25,1-20,3,7.933,-84.912,20167,-1,1,S455_10.04.2018,,H2O,1567327109.21,0.093,0.351,51.437,0,-0.004,1.218,113.402,26.282,2.614,105.452,0.725,-0.437,0,0,1,40.062,1,20,1,test02,0,1
118,P-5228,2019/09/01 08:42:24,1-20,4,7.985,-84.583,20654,0,1,S455_10.04.2018,,H2O,1567327648.17,0.08,0.311,51.236,0,-0.003,1.219,116.623,26.552,2.686,107.57,0.725,-0.574,0,0,1,40.25,1,20,1,test02,0,1
119,P-5228,2019/09/01 08:51:23,1-20,5,8.024,-84.277,20602,0,1,S455_10.04.2018,,H2O,1567328187.78,0.092,0.312,51.234,-0.001,-0.003,1.214,116.053,26.934,2.691,107.367,0.725,-0.466,0,0,1,40.312,1,20,1,test02,0,1
120,P-5228,2019/09/01 09:00:22,1-20,6,8.027,-84.089,20669,0,1,S455_10.04.2018,,H2O,1567328726.74,0.081,0.346,51.666,0,-0.003,1.217,116.808,26.644,2.64,106.964,0.725,-0.732,0,0,1,40.312,1,20,1,test02,0,1
121,P-5229,2019/09/01 09:09:22,1-21,1,-6.127,-112.799,19984,-1,1,S488_16.09.2018_NM,,H2O,1567329266.29,0.082,0.306,51.268,0,-0.003,1.216,112.407,26.136,2.608,103.604,0.724,-0.482,0,0,1,40.25,1,21,1,test02,0,1
122,P-5229,2019/09/01 09:18:21,1-21,2,-6.497,-113.922,20625,-1,1,S488_16.09.2018_NM,,H2O,1567329805.82,0.084,0.29,51.335,0,-0.001,1.223,116.322,27.177,2.643,106.315,0.724,-0.596,0,0,1,39.875,1,21,1,test02,0,1
123,P-5229,2019/09/01 09:27:21,1-21,3,-6.583,-114.231,20573,-1,1,S488_16.09.2018_NM,,H2O,1567330345.16,0.084,0.309,51.583,0,-0.001,1.229,116.061,27.049,2.681,105.869,0.724,-0.615,0,0,1,39.812,1,21,1,test02,0,1
124,P-5229,2019/09/01 09:36:20,1-21,4,-6.575,-114.221,20213,0,1,S488_16.09.2018_NM,,H2O,1567330883.81,0.083,0.297,51.058,0,-0.001,1.217,113.912,26.012,2.627,105.507,0.724,-0.465,0,0,1,39.75,1,21,1,test02,0,1
125,P-5229,2019/09/01 09:45:20,1-21,5,-6.604,-114.28,20442,0,1,S488_16.09.2018_NM,,H2O,1567331423.91,0.083,0.394,51.789,0,0,1.227,114.984,27.473,2.619,104.909,0.724,-0.546,0,0,1,39.75,1,21,1,test02,0,1
126,P-5229,2019/09/01 09:54:20,1-21,6,-6.586,-114.247,20411,0,1,S488_16.09.2018_NM,,H2O,1567331964.43,0.077,0.236,51.144,0,-0.001,1.212,114.885,27.144,2.615,105.249,0.724,-0.523,0,0,1,39.75,1,21,1,test02,0,1
127,P-5230,2019/09/01 10:03:20,1-22,1,-21.132,-163.815,20084,-1,1,S536_08.04.2019_NM,,H2O,1567332504.19,0.081,0.311,51.484,0,0.001,1.221,112.939,27.382,2.513,101.247,0.723,-0.683,0,0,1,39.812,1,22,1,test02,0,1
128,P-5230,2019/09/01 10:12:19,1-22,2,-21.52,-166.013,20330,-1,1,S536_08.04.2019_NM,,H2O,1567333043.55,0.079,0.297,51.419,0.001,0.002,1.22,114.448,27.307,2.611,103.73,0.724,-0.552,0,0,1,39.875,1,22,1,test02,0,1
129,P-5230,2019/09/01 10:21:19,1-22,3,-21.609,-166.466,20255,-1,1,S536_08.04.2019_NM,,H2O,1567333584,0.085,0.32,50.853,0,0.002,1.205,114.44,26.985,2.528,101.541,0.724,-0.926,0,0,1,39.938,1,22,1,test02,0,1
130,P-5230,2019/09/01 10:30:19,1-22,4,-21.651,-166.768,20460,0,1,S536_08.04.2019_NM,,H2O,1567334123.67,0.085,0.284,51.399,0,0.002,1.224,115.129,27.373,2.661,105.399,0.724,-0.364,0,0,1,39.875,1,22,1,test02,0,1
131,P-5230,2019/09/01 10:39:19,1-22,5,-21.628,-166.635,20674,0,1,S536_08.04.2019_NM,,H2O,1567334662.91,0.078,0.33,51.998,0,0.002,1.232,116.585,27.894,2.661,104.829,0.724,-0.632,0,0,1,39.75,1,22,1,test02,0,1
132,P-5230,2019/09/01 10:48:18,1-22,6,-21.65,-166.884,20522,0,1,S536_08.04.2019_NM,,H2O,1567335202,0.084,0.293,51.063,0,0.001,1.215,115.483,27.692,2.638,105.295,0.725,-0.46,0,0,1,39.688,1,22,1,test02,0,1
133,P-5231,2019/09/01 10:57:17,1-23,1,-18.797,-166.252,20317,-1,1,S537_09.04.2019_NM,,H2O,1567335741.53,0.076,0.275,51.41,0,0.001,1.226,114.111,27.348,2.643,105.035,0.724,-0.25,0,0,1,39.688,1,23,1,test02,0,1
134,P-5231,2019/09/01 11:06:17,1-23,2,-18.749,-166.427,20117,-1,1,S537_09.04.2019_NM,,H2O,1567336281.26,0.084,0.237,51.757,0,0.001,1.226,113.181,27.12,2.552,102.274,0.724,-0.582,0,0,1,39.688,1,23,1,test02,0,1
135,P-5231,2019/09/01 11:15:16,1-23,3,-18.735,-166.354,20812,-1,1,S537_09.04.2019_NM,,H2O,1567336820.42,0.082,0.35,52.597,0,0,1.246,117.333,27.847,2.683,106.928,0.724,-0.427,0,0,1,39.688,1,23,1,test02,0,1
136,P-5231,2019/09/01 11:24:16,1-23,4,-18.715,-166.368,20742,0,1,S537_09.04.2019_NM,,H2O,1567337360.12,0.076,0.231,52.211,0,0,1.238,116.665,28.058,2.712,106.879,0.724,-0.31,0,0,1,39.75,1,23,1,test02,0,1
137,P-5231,2019/09/01 11:33:15,1-23,5,-18.746,-166.574,20493,0,1,S537_09.04.2019_NM,,H2O,1567337899.64,0.089,0.287,51.648,0,0.001,1.229,115.336,27.545,2.648,105.167,0.724,-0.425,0,0,1,39.812,1,23,1,test02,0,1
138,P-5231,2019/09/01 11:42:15,1-23,6,-18.737,-166.448,20691,0,1,S537_09.04.2019_NM,,H2O,1567338439.24,0.085,0.315,52.128,0,0.001,1.235,116.66,27.786,2.675,105.594,0.724,-0.578,0,0,1,39.875,1,23,1,test02,0,1
139,P-5232,2019/09/01 11:51:14,1-24,1,-37.737,-303.746,20133,-1,1,S519_31.01.2019_NM,,H2O,1567338978.78,0.079,0.392,51.905,0.001,0.006,1.232,113.123,28.04,2.503,100.734,0.723,-0.498,0,0,1,39.812,1,24,1,test02,0,1
140,P-5232,2019/09/01 12:00:14,1-24,2,-38.29,-309.824,20685,-1,1,S519_31.01.2019_NM,,H2O,1567339518.79,0.079,0.389,52.127,0.001,0.007,1.237,116.659,28.566,2.58,103.268,0.724,-0.634,0,0,1,39.75,1,24,1,test02,0,1
141,P-5232,2019/09/01 12:09:14,1-24,3,-38.315,-310.846,20542,-1,1,S519_31.01.2019_NM,,H2O,1567340057.9,0.088,0.394,51.676,0.001,0.007,1.225,115.737,28.562,2.535,102.311,0.724,-0.65,0,0,1,39.688,1,24,1,test02,0,1
142,P-5232,2019/09/01 12:18:13,1-24,4,-38.328,-311.383,20659,0,1,S519_31.01.2019_NM,,H2O,1567340597.81,0.083,0.382,51.655,0.001,0.007,1.229,116.258,28.393,2.658,104.935,0.725,-0.312,0,0,1,39.688,1,24,1,test02,0,1
143,P-5232,2019/09/01 12:27:13,1-24,5,-38.363,-311.784,20487,0,1,S519_31.01.2019_NM,,H2O,1567341137.55,0.083,0.352,51.491,0.001,0.005,1.222,115.203,28.514,2.622,103.079,0.723,-0.429,0,0,1,39.688,1,24,1,test02,0,1
144,P-5232,2019/09/01 12:36:13,1-24,6,-38.366,-311.899,20592,0,1,S519_31.01.2019_NM,,H2O,1567341676.75,0.089,0.388,51.254,0.001,0.005,1.214,115.921,28.825,2.562,102.53,0.724,-0.527,0,0,1,39.75,1,24,1,test02,0,1
145,P-5233,2019/09/01 12:45:11,1-25,1,-33.515,-268.089,20153,-1,1,S532_14.03.2019_NM,,H2O,1567342215.55,0.08,0.361,51.61,0,0.004,1.226,113.261,27.893,2.53,101.346,0.723,-0.479,0,0,1,39.812,1,25,1,test02,0,1
146,P-5233,2019/09/01 12:54:11,1-25,2,-33.447,-266.464,20727,-1,1,S532_14.03.2019_NM,,H2O,1567342754.93,0.084,0.364,51.778,0,0.003,1.228,117.109,28.344,2.577,103.316,0.724,-0.741,0,0,1,39.875,1,25,1,test02,0,1
147,P-5233,2019/09/01 13:03:11,1-25,3,-33.424,-266.282,20700,-1,1,S532_14.03.2019_NM,,H2O,1567343295.1,0.084,0.276,51.988,0,0.003,1.24,116.745,28.731,2.562,103.145,0.724,-0.702,0,0,1,39.875,1,25,1,test02,0,1
148,P-5233,2019/09/01 13:12:11,1-25,4,-33.447,-266.2,20656,0,1,S532_14.03.2019_NM,,H2O,1567343835.04,0.083,0.339,52.521,0,0.003,1.245,116.46,28.54,2.569,103.358,0.724,-0.664,0,0,1,39.812,1,25,1,test02,0,1
149,P-5233,2019/09/01 13:21:10,1-25,5,-33.428,-266.154,20613,0,1,S532_14.03.2019_NM,,H2O,1567344374.12,0.087,0.327,52.015,0.001,0.003,1.232,116.471,27.865,2.598,103.367,0.724,-0.737,0,0,1,39.75,1,25,1,test02,0,1
150,P-5233,2019/09/01 13:30:10,1-25,6,-33.354,-265.874,20628,0,1,S532_14.03.2019_NM,,H2O,1567344914.38,0.089,0.315,51.764,0,0.004,1.227,116.28,28.408,2.61,103.574,0.724,-0.561,0,0,1,39.688,1,25,1,test02,0,1
151,P-5234,2019/09/01 13:39:09,1-26,1,-29.636,-234.647,20180,-1,1,S529_07.03.2019_NM,,H2O,1567345452.89,0.089,0.297,51.483,0.001,0.003,1.234,113.343,27.576,2.574,103.002,0.723,-0.342,0,0,1,39.688,1,26,1,test02,0,1
152,P-5234,2019/09/01 13:48:09,1-26,2,-29.508,-233.199,20202,-1,1,S529_07.03.2019_NM,,H2O,1567345992.99,0.082,0.226,51.61,0,0.001,1.224,113.908,27.006,2.582,102.418,0.724,-0.6,0,0,1,39.688,1,26,1,test02,0,1
153,P-5234,2019/09/01 13:57:08,1-26,3,-29.543,-233.047,20725,-1,1,S529_07.03.2019_NM,,H2O,1567346532.73,0.081,0.278,52.674,0,0.002,1.247,116.962,28.218,2.615,104.373,0.724,-0.639,0,0,1,39.688,1,26,1,test02,0,1
154,P-5234,2019/09/01 14:06:08,1-26,4,-29.552,-232.99,20788,0,1,S529_07.03.2019_NM,,H2O,1567347071.91,0.082,0.249,52.352,0,0.002,1.241,117.149,28.353,2.657,105.537,0.724,-0.446,0,0,1,39.75,1,26,1,test02,0,1
155,P-5234,2019/09/01 14:15:07,1-26,5,-29.547,-232.949,20697,0,1,S529_07.03.2019_NM,,H2O,1567347610.7,0.076,0.26,51.999,0,0.002,1.237,116.543,28.106,2.656,105.918,0.725,-0.324,0,0,1,39.75,1,26,1,test02,0,1
156,P-5234,2019/09/01 14:24:07,1-26,6,-29.522,-232.833,20735,0,1,S529_07.03.2019_NM,,H2O,1567348150.89,0.075,0.298,52.004,0,0.002,1.233,116.995,28.25,2.586,104.56,0.724,-0.619,0,0,1,39.812,1,26,1,test02,0,1
157,P-5235,2019/09/01 14:33:07,1-27,1,-10.047,-112.622,20290,-1,1,S496_18.10.2018_NM,,H2O,1567348690.79,0.083,0.324,51.583,0,-0.002,1.223,114.234,26.866,2.628,104.426,0.724,-0.535,0,0,1,39.875,1,27,1,test02,0,1
158,P-5235,2019/09/01 14:42:06,1-27,2,-9.512,-107.403,20541,-1,1,S496_18.10.2018_NM,,H2O,1567349230.5,0.091,0.383,51.825,0,-0.005,1.233,115.783,26.888,2.682,106.599,0.724,-0.431,0,0,1,39.875,1,27,1,test02,0,1
159,P-5235,2019/09/01 14:51:06,1-27,3,-9.387,-105.951,20721,-1,1,S496_18.10.2018_NM,,H2O,1567349770.44,0.084,0.389,53.133,0,-0.005,1.261,116.782,27.586,2.684,106.654,0.724,-0.479,0,0,1,39.812,1,27,1,test02,0,1
160,P-5235,2019/09/01 15:00:06,1-27,4,-9.335,-105.596,20644,0,1,S496_18.10.2018_NM,,H2O,1567350310.14,0.089,0.286,51.786,0,-0.003,1.232,116.627,27.386,2.614,104.983,0.725,-0.821,0,0,1,39.812,1,27,1,test02,0,1
161,P-5235,2019/09/01 15:09:05,1-27,5,-9.273,-105.005,20749,0,1,S496_18.10.2018_NM,,H2O,1567350848.7,0.085,0.327,52.05,0,-0.003,1.238,117.143,27.603,2.624,105.866,0.725,-0.74,0,0,1,39.812,1,27,1,test02,0,1
162,P-5235,2019/09/01 15:18:04,1-27,6,-9.241,-104.817,20765,0,1,S496_18.10.2018_NM,,H2O,1567351388.26,0.078,0.311,52.017,0,-0.002,1.242,117.046,27.424,2.736,107.586,0.726,-0.444,0,0,1,39.75,1,27,1,test02,0,1
163,P-5236,2019/09/01 15:27:03,1-28,1,-21.031,-157.218,20123,-1,1,S490_22.09.2018_NM,,H2O,1567351927.56,0.084,0.273,51.495,0,-0.002,1.221,113.175,27.187,2.566,102.263,0.724,-0.629,0,0,1,39.688,1,28,1,test02,0,1
164,P-5236,2019/09/01 15:36:03,1-28,2,-21.403,-159.552,20653,-1,1,S490_22.09.2018_NM,,H2O,1567352467.68,0.087,0.309,51.693,0,0,1.232,116.473,27.713,2.634,105.186,0.724,-0.62,0,0,1,39.625,1,28,1,test02,0,1
165,P-5236,2019/09/01 15:45:02,1-28,3,-21.374,-159.72,20584,-1,1,S490_22.09.2018_NM,,H2O,1567353006.83,0.084,0.261,52.663,0,0,1.241,116.169,27.407,2.608,104.925,0.724,-0.715,0,0,1,39.625,1,28,1,test02,0,1
166,P-5236,2019/09/01 15:54:02,1-28,4,-21.277,-159.451,20784,0,1,S490_22.09.2018_NM,,H2O,1567353546.31,0.085,0.297,52.762,0,0.001,1.25,117.225,28.054,2.684,105.694,0.724,-0.639,0,0,1,39.562,1,28,1,test02,0,1
167,P-5236,2019/09/01 16:03:02,1-28,5,-21.406,-159.924,20429,0,1,S490_22.09.2018_NM,,H2O,1567354085.89,0.082,0.298,51.545,0,0.001,1.229,114.876,27.839,2.619,104.005,0.724,-0.559,0,0,1,39.562,1,28,1,test02,0,1
168,P-5236,2019/09/01 16:12:01,1-28,6,-21.422,-160.033,20469,0,1,S490_22.09.2018_NM,,H2O,1567354625.58,0.074,0.295,51.373,0,0.001,1.217,115.382,27.568,2.584,103.827,0.724,-0.719,0,0,1,39.625,1,28,1,test02,0,1
169,P-5237,2019/09/01 16:21:00,1-29,1,-27.862,-210.829,20338,-1,1,SEZ-2_3,,H2O,1567355164.68,0.085,0.296,51.042,0,0.002,1.211,114.782,27.367,2.521,102.333,0.723,-0.804,0,0,1,39.938,1,29,1,test02,0,1
170,P-5237,2019/09/01 16:30:00,1-29,2,-28.079,-213.164,20870,-1,1,SEZ-2_3,,H2O,1567355704.42,0.082,0.263,51.709,0.001,0.003,1.225,117.949,28.442,2.601,104.494,0.724,-0.815,0,0,1,40,1,29,1,test02,0,1
171,P-5237,2019/09/01 16:39:00,1-29,3,-28.103,-213.658,20416,-1,1,SEZ-2_3,,H2O,1567356244.04,0.088,0.318,51.571,0,0.003,1.228,115.103,27.866,2.568,102.462,0.724,-0.783,0,0,1,39.875,1,29,1,test02,0,1
172,P-5237,2019/09/01 16:48:00,1-29,4,-28.105,-213.776,20600,0,1,SEZ-2_3,,H2O,1567356784.01,0.084,0.292,51.99,0,0.003,1.232,116.377,27.638,2.58,103.767,0.724,-0.765,0,0,1,39.75,1,29,1,test02,0,1
173,P-5237,2019/09/01 16:56:59,1-29,5,-28.071,-213.807,20680,0,1,SEZ-2_3,,H2O,1567357323.23,0.09,0.277,52.033,0.001,0.002,1.232,116.832,27.491,2.598,105.194,0.724,-0.646,0,0,1,39.625,1,29,1,test02,0,1
174,P-5237,2019/09/01 17:05:58,1-29,6,-28.114,-213.939,20279,0,1,SEZ-2_3,,H2O,1567357861.98,0.069,0.272,51.428,0,0.002,1.224,114.221,27.493,2.585,102.356,0.725,-0.735,0,0,1,39.625,1,29,1,test02,0,1
175,P-5238,2019/09/01 17:14:57,1-30,7,-1.835,-20.738,20276,-1,1,HGL-1_7,,H2O,1567358401.46,0.084,0.321,51.31,0,-0.004,1.221,114.369,26.066,2.607,105.419,0.724,-0.666,0,0,1,39.625,1,30,1,test02,0,1
176,P-5238,2019/09/01 17:23:56,1-30,8,-1.095,-12.351,20657,-1,1,HGL-1_7,,H2O,1567358940.8,0.078,0.454,51.969,0,-0.008,1.236,116.368,27.014,2.718,107.829,0.724,-0.53,0,0,1,39.562,1,30,1,test02,0,1
177,P-5238,2019/09/01 17:32:55,1-30,9,-1.055,-11.005,20634,-1,1,HGL-1_7,,H2O,1567359479.76,0.089,0.412,51.331,0,-0.007,1.216,116.119,27.161,2.736,107.682,0.724,-0.476,0,0,1,39.688,1,30,1,test02,0,1
178,P-5238,2019/09/01 17:41:55,1-30,10,-0.98,-10.06,20702,0,1,HGL-1_7,,H2O,1567360019.2,0.085,0.405,51.493,0,-0.006,1.221,116.933,26.618,2.695,107.756,0.724,-0.694,0,0,1,39.938,1,30,1,test02,0,1
179,P-5238,2019/09/01 17:50:54,1-30,11,-0.984,-9.841,20600,0,1,HGL-1_7,,H2O,1567360557.68,0.085,0.378,50.723,0,-0.006,1.208,116.304,26.616,2.678,106.792,0.724,-0.72,0,0,1,39.938,1,30,1,test02,0,1
180,P-5238,2019/09/01 17:59:53,1-30,12,-0.981,-9.544,20463,0,1,HGL-1_7,,H2O,1567361096.88,0.08,0.39,51.195,0,-0.007,1.219,115.511,26.19,2.649,106.67,0.724,-0.675,0,0,1,39.812,1,30,1,test02,0,1
181,P-5239,2019/09/01 18:08:52,1-31,1,-9.554,-67.791,20495,-1,1,MilliQ IsoLab_2,,H2O,1567361636.22,0.084,0.347,51.661,0,-0.003,1.23,115.502,27.211,2.644,105.059,0.724,-0.681,0,0,1,39.688,1,31,1,test02,0,1
182,P-5239,2019/09/01 18:17:51,1-31,2,-9.785,-70.175,20511,-1,1,MilliQ IsoLab_2,,H2O,1567362175.53,0.091,0.306,51.454,0,-0.002,1.219,115.511,27.113,2.674,106.04,0.724,-0.526,0,0,1,39.562,1,31,1,test02,0,1
183,P-5239,2019/09/01 18:26:50,1-31,3,-9.779,-70.428,20722,-1,1,MilliQ IsoLab_2,,H2O,1567362714.73,0.08,0.314,51.943,0,-0.002,1.231,116.973,27.357,2.686,106.216,0.724,-0.763,0,0,1,39.562,1,31,1,test02,0,1
184,P-5239,2019/09/01 18:35:49,1-31,4,-9.829,-70.68,20501,0,1,MilliQ IsoLab_2,,H2O,1567363253.59,0.076,0.295,50.704,0,-0.001,1.208,115.639,26.424,2.697,106.885,0.724,-0.51,0,0,1,39.562,1,31,1,test02,0,1
185,P-5239,2019/09/01 18:44:48,1-31,5,-9.812,-70.539,20660,0,1,MilliQ IsoLab_2,,H2O,1567363792.84,0.086,0.308,51.184,0,-0.001,1.219,116.385,27.547,2.661,106.031,0.724,-0.638,0,0,1,39.625,1,31,1,test02,0,1
186,P-5239,2019/09/01 18:53:48,1-31,6,-9.821,-70.623,20578,0,1,MilliQ IsoLab_2,,H2O,1567364332.16,0.081,0.294,51.849,0,-0.001,1.222,116.16,26.759,2.684,106.441,0.724,-0.648,0,0,1,39.938,1,31,1,test02,0,1
187,P-5240,2019/09/01 19:02:48,1-32,1,-42.594,-344.054,20133,-1,1,MXW_7,,H2O,1567364872.33,0.102,0.458,50.258,0.001,0.008,1.19,113.396,27.685,2.506,100.264,0.724,-0.67,0,0,1,39.812,1,32,1,test02,0,1
188,P-5240,2019/09/01 19:11:47,1-32,2,-43.355,-354.889,20437,-1,1,MXW_7,,H2O,1567365411.24,0.092,0.55,51.604,0.001,0.012,1.223,115.41,27.902,2.545,101.65,0.724,-0.718,0,0,1,39.75,1,32,1,test02,0,1
189,P-5240,2019/09/01 19:20:46,1-32,3,-43.507,-357.323,20223,-1,1,MXW_7,,H2O,1567365950.7,0.087,0.569,51.513,0.001,0.012,1.221,113.902,28.109,2.484,100.117,0.723,-0.672,0,0,1,39.625,1,32,1,test02,0,1
190,P-5240,2019/09/01 19:29:46,1-32,4,-43.533,-358.178,20396,0,1,MXW_7,,H2O,1567366490.55,0.09,0.514,52.334,0.001,0.01,1.24,114.866,28.542,2.562,101.067,0.724,-0.659,0,0,1,39.562,1,32,1,test02,0,1
191,P-5240,2019/09/01 19:38:45,1-32,5,-43.562,-358.775,20708,0,1,MXW_7,,H2O,1567367029.16,0.088,0.485,51.671,0.001,0.009,1.231,116.58,29.358,2.558,102.481,0.724,-0.554,0,0,1,39.562,1,32,1,test02,0,1
192,P-5240,2019/09/01 19:47:45,1-32,6,-43.602,-359.236,20503,0,1,MXW_7,,H2O,1567367569.15,0.081,0.416,50.497,0.001,0.008,1.197,114.981,28.989,2.661,103.634,0.724,-0.139,0,0,1,39.875,1,32,1,test02,0,1
193,P-5241,2019/09/01 19:56:45,1-33,1,-14.315,-116.595,20313,-1,1,HDW1_3,,H2O,1567368109.59,0.091,0.259,51.174,0,0.001,1.213,114.616,26.787,2.615,103.584,0.724,-0.766,0,0,1,39.875,1,33,1,test02,0,1
194,P-5241,2019/09/01 20:05:44,1-33,2,-13.608,-106.644,20883,-1,1,HDW1_3,,H2O,1567368648.11,0.079,0.356,52.142,0,-0.005,1.24,117.802,27.836,2.69,107.296,0.724,-0.588,0,0,1,39.75,1,33,1,test02,0,1
195,P-5241,2019/09/01 20:14:44,1-33,3,-13.486,-104.73,20592,-1,1,HDW1_3,,H2O,1567369187.81,0.081,0.318,51.369,0,-0.003,1.211,116.149,27.274,2.638,105.593,0.724,-0.705,0,0,1,39.625,1,33,1,test02,0,1
196,P-5241,2019/09/01 20:23:43,1-33,4,-13.456,-104.115,20521,0,1,HDW1_3,,H2O,1567369726.46,0.078,0.286,51.275,0,-0.003,1.215,115.834,26.929,2.604,105.268,0.724,-0.686,0,0,1,39.562,1,33,1,test02,0,1
197,P-5241,2019/09/01 20:32:41,1-33,5,-13.431,-103.706,20524,0,1,HDW1_3,,H2O,1567370265.53,0.081,0.232,51.027,0,-0.002,1.215,115.479,27.599,2.688,105.29,0.724,-0.549,0,0,1,39.562,1,33,1,test02,0,1
198,P-5241,2019/09/01 20:41:40,1-33,6,-13.426,-103.337,20570,0,1,HDW1_3,,H2O,1567370804.84,0.081,0.327,51.832,0,-0.003,1.233,115.487,27.506,2.751,107.283,0.725,-0.102,0,0,1,39.688,1,33,1,test02,0,1
199,P-5242,2019/09/01 20:50:40,1-34,1,-34.889,-268.19,20445,-1,1,NGT_3,,H2O,1567371344.43,0.087,0.303,50.843,0.001,0.004,1.206,114.802,28.425,2.623,103.644,0.723,-0.337,0,0,1,39.938,1,34,1,test02,0,1
200,P-5242,2019/09/01 20:59:40,1-34,2,-35.424,-274.734,20747,-1,1,NGT_3,,H2O,1567371883.82,0.089,0.36,51.736,0.001,0.007,1.224,116.983,28.86,2.62,103.209,0.725,-0.705,0,0,1,39.812,1,34,1,test02,0,1
201,P-5242,2019/09/01 21:08:39,1-34,3,-35.532,-276.084,20700,-1,1,NGT_3,,H2O,1567372423.18,0.087,0.405,51.403,0.001,0.006,1.217,116.817,28.259,2.611,103.777,0.724,-0.709,0,0,1,39.688,1,34,1,test02,0,1
202,P-5242,2019/09/01 21:17:37,1-34,4,-35.542,-276.59,20765,0,1,NGT_3,,H2O,1567372961.38,0.086,0.38,52.012,0,0.006,1.232,117.04,28.551,2.637,104.659,0.724,-0.51,0,0,1,39.625,1,34,1,test02,0,1
203,P-5242,2019/09/01 21:26:36,1-34,5,-35.472,-276.561,20464,0,1,NGT_3,,H2O,1567373500.48,0.083,0.308,51.415,0.001,0.005,1.225,115.222,27.635,2.609,104.48,0.723,-0.409,0,0,1,39.625,1,34,1,test02,0,1
204,P-5242,2019/09/01 21:35:36,1-34,6,-35.455,-276.636,20814,0,1,NGT_3,,H2O,1567374040.29,0.087,0.332,49.371,0,0.005,1.169,116.993,28.793,2.761,106.206,0.724,-0.22,0,0,1,39.625,1,34,1,test02,0,1
205,P-5243,2019/09/01 21:44:35,1-35,1,-17.833,-146.86,20254,-1,1,S492_08.10.2018_NM,,H2O,1567374579.02,0.075,0.28,50.28,0,0.001,1.198,113.776,27.341,2.635,104.128,0.724,-0.416,0,0,1,39.938,1,35,1,test02,0,1
206,P-5243,2019/09/01 21:53:34,1-35,2,-17.395,-141.43,20411,-1,1,S492_08.10.2018_NM,,H2O,1567375117.94,0.074,0.291,50.623,0,-0.003,1.205,115.116,26.992,2.605,104.491,0.724,-0.605,0,0,1,39.812,1,35,1,test02,0,1
207,P-5243,2019/09/01 22:02:33,1-35,3,-17.348,-140.616,20650,-1,1,S492_08.10.2018_NM,,H2O,1567375656.6,0.08,0.302,50.927,0,-0.002,1.211,116.864,27.291,2.584,104.149,0.724,-0.953,0,0,1,39.688,1,35,1,test02,0,1
208,P-5243,2019/09/01 22:11:32,1-35,4,-17.338,-140.113,20693,0,1,S492_08.10.2018_NM,,H2O,1567376196.13,0.087,0.316,51.886,0,-0.002,1.228,116.812,27.741,2.619,104.972,0.724,-0.791,0,0,1,39.562,1,35,1,test02,0,1
209,P-5243,2019/09/01 22:20:32,1-35,5,-17.333,-139.961,20708,0,1,S492_08.10.2018_NM,,H2O,1567376735.99,0.09,0.3,51.786,0,-0.002,1.226,116.839,27.903,2.643,104.859,0.725,-0.707,0,0,1,39.625,1,35,1,test02,0,1
210,P-5243,2019/09/01 22:29:31,1-35,6,-17.33,-139.821,20675,0,1,S492_08.10.2018_NM,,H2O,1567377275.45,0.083,0.282,50.684,0,-0.001,1.208,116.583,27.466,2.658,106.096,0.724,-0.6,0,0,1,39.688,1,35,1,test02,0,1
211,P-5244,2019/09/01 22:38:31,1-36,1,-12.275,-127.621,20175,-1,1,S498_28.10.2018_NM,,H2O,1567377814.73,0.081,0.222,51.565,0,-0.001,1.222,113.403,26.916,2.598,104.002,0.724,-0.414,0,0,1,39.688,1,36,1,test02,0,1
212,P-5244,2019/09/01 22:47:30,1-36,2,-12.158,-127.089,20778,-1,1,S498_28.10.2018_NM,,H2O,1567378354.51,0.076,0.252,50.75,0,-0.002,1.201,116.924,27.933,2.711,107.275,0.724,-0.383,0,0,1,39.875,1,36,1,test02,0,1
213,P-5244,2019/09/01 22:56:28,1-36,3,-12.089,-126.752,20380,-1,1,S498_28.10.2018_NM,,H2O,1567378892.8,0.081,0.303,51.466,0,-0.002,1.217,114.774,26.928,2.629,105.207,0.725,-0.438,0,0,1,39.875,1,36,1,test02,0,1
214,P-5244,2019/09/01 23:05:27,1-36,4,-12.094,-126.75,20294,0,1,S498_28.10.2018_NM,,H2O,1567379431.57,0.078,0.308,51.375,0,-0.001,1.222,114.638,26.603,2.563,103.339,0.724,-0.856,0,0,1,39.75,1,36,1,test02,0,1
215,P-5244,2019/09/01 23:14:27,1-36,5,-12.076,-126.588,20477,0,1,S498_28.10.2018_NM,,H2O,1567379970.81,0.08,0.266,51.21,0,-0.001,1.218,115.713,26.615,2.612,105.107,0.725,-0.776,0,0,1,39.625,1,36,1,test02,0,1
216,P-5244,2019/09/01 23:23:26,1-36,6,-12.071,-126.433,20516,0,1,S498_28.10.2018_NM,,H2O,1567380510.06,0.084,0.259,51.543,0,-0.001,1.22,115.756,26.932,2.63,105.519,0.724,-0.622,0,0,1,39.5,1,36,1,test02,0,1
217,P-5245,2019/09/01 23:32:25,1-37,1,-8.768,-112.78,20094,-1,1,S499_02.11.2018_NM,,H2O,1567381049.08,0.08,0.255,50.703,0,-0.001,1.201,112.927,26.534,2.616,104.372,0.724,-0.439,0,0,1,39.5,1,37,1,test02,0,1
218,P-5245,2019/09/01 23:41:24,1-37,2,-8.687,-112.23,20109,-1,1,S499_02.11.2018_NM,,H2O,1567381587.89,0.083,0.287,51.52,0,-0.002,1.226,112.696,27.077,2.705,104.559,0.724,-0.195,0,0,1,39.5,1,37,1,test02,0,1
219,P-5245,2019/09/01 23:50:23,1-37,3,-8.684,-112.019,20579,-1,1,S499_02.11.2018_NM,,H2O,1567382127.48,0.088,0.3,50.583,0,-0.002,1.203,115.775,27.355,2.697,106.663,0.724,-0.348,0,0,1,39.812,1,37,1,test02,0,1
220,P-5245,2019/09/01 23:59:22,1-37,4,-8.67,-111.973,20640,0,1,S499_02.11.2018_NM,,H2O,1567382666.03,0.083,0.331,51.514,0,-0.002,1.22,116.322,27.834,2.595,104.937,0.724,-0.686,0,0,1,39.75,1,37,1,test02,0,1
221,P-5245,2019/09/02 00:08:21,1-37,5,-8.655,-111.867,20629,0,1,S499_02.11.2018_NM,,H2O,1567383205.53,0.085,0.317,51.971,0,-0.002,1.23,116.333,27.663,2.645,104.938,0.725,-0.768,0,0,1,39.625,1,37,1,test02,0,1
222,P-5245,2019/09/02 00:17:21,1-37,6,-8.655,-111.794,20764,0,1,S499_02.11.2018_NM,,H2O,1567383745.46,0.086,0.282,51.872,0,-0.001,1.228,117.304,27.193,2.657,106.746,0.724,-0.679,0,0,1,39.625,1,37,1,test02,0,1
223,P-5246,2019/09/02 00:26:19,1-38,1,-19.543,-183.619,20110,-1,1,S500_27.11.2018_NM,,H2O,1567384282.74,0.082,0.268,51.063,0,0.002,1.216,113.25,27.237,2.519,101.318,0.724,-0.782,0,0,1,39.562,1,38,1,test02,0,1
224,P-5246,2019/09/02 00:35:18,1-38,2,-19.859,-186.74,20542,-1,1,S500_27.11.2018_NM,,H2O,1567384821.89,0.086,0.316,51.365,0,0.001,1.223,115.863,27.091,2.656,105.76,0.724,-0.457,0,0,1,39.562,1,38,1,test02,0,1
225,P-5246,2019/09/02 00:44:17,1-38,3,-19.897,-187.294,20254,-1,1,S500_27.11.2018_NM,,H2O,1567385361.37,0.086,0.329,50.948,0,0.002,1.214,113.897,27.3,2.589,103.704,0.724,-0.426,0,0,1,39.562,1,38,1,test02,0,1
226,P-5246,2019/09/02 00:53:17,1-38,4,-19.877,-187.426,20475,0,1,S500_27.11.2018_NM,,H2O,1567385900.8,0.08,0.304,50.901,0,0.002,1.206,115.32,27.585,2.62,104.467,0.723,-0.537,0,0,1,39.562,1,38,1,test02,0,1
227,P-5246,2019/09/02 01:02:15,1-38,5,-19.885,-187.524,20639,0,1,S500_27.11.2018_NM,,H2O,1567386439.18,0.076,0.27,50.826,0,0.002,1.206,116.197,28.061,2.646,104.962,0.723,-0.538,0,0,1,39.562,1,38,1,test02,0,1
228,P-5246,2019/09/02 01:11:14,1-38,6,-19.899,-187.704,20505,0,1,S500_27.11.2018_NM,,H2O,1567386978.35,0.078,0.282,50.716,0,0.002,1.203,115.527,27.751,2.598,103.996,0.724,-0.642,0,0,1,39.938,1,38,1,test02,0,1
229,P-5247,2019/09/02 01:20:13,1-39,1,-29,-226.569,20355,-1,1,S501_10.12.2018_NM,,H2O,1567387517.46,0.083,0.297,50.955,0,0.002,1.208,114.448,27.65,2.665,104.092,0.723,-0.384,0,0,1,39.938,1,39,1,test02,0,1
230,P-5247,2019/09/02 01:29:13,1-39,2,-29.323,-228.451,20571,-1,1,S501_10.12.2018_NM,,H2O,1567388056.91,0.079,0.325,51.318,0.001,0.004,1.222,116.037,28.411,2.501,102.121,0.724,-0.897,0,0,1,39.75,1,39,1,test02,0,1
231,P-5247,2019/09/02 01:38:12,1-39,3,-29.312,-228.685,20537,-1,1,S501_10.12.2018_NM,,H2O,1567388595.94,0.087,0.311,51.962,0.001,0.003,1.23,116.157,27.363,2.54,103.141,0.725,-0.89,0,0,1,39.625,1,39,1,test02,0,1
232,P-5247,2019/09/02 01:47:11,1-39,4,-29.313,-228.854,20687,0,1,S501_10.12.2018_NM,,H2O,1567389135.73,0.08,0.321,51.675,0.001,0.005,1.223,116.781,27.875,2.633,104.733,0.724,-0.726,0,0,1,39.5,1,39,1,test02,0,1
233,P-5247,2019/09/02 01:56:10,1-39,5,-29.357,-229.037,20409,0,1,S501_10.12.2018_NM,,H2O,1567389673.98,0.086,0.295,50.886,0.001,0.003,1.206,115.137,27.346,2.574,103.263,0.724,-0.629,0,0,1,39.5,1,39,1,test02,0,1
234,P-5247,2019/09/02 02:05:09,1-39,6,-29.327,-229.063,20574,0,1,S501_10.12.2018_NM,,H2O,1567390212.67,0.086,0.283,51.818,0,0.004,1.229,115.995,28.041,2.615,103.684,0.724,-0.638,0,0,1,39.5,1,39,1,test02,0,1
235,P-5248,2019/09/02 02:14:07,1-40,1,-22.098,-198.799,20207,-1,1,S502_12.12.2018_NM,,H2O,1567390751.24,0.078,0.288,50.767,0,0.002,1.208,113.409,27.347,2.655,104.29,0.724,-0.203,0,0,1,39.812,1,40,1,test02,0,1
236,P-5248,2019/09/02 02:23:06,1-40,2,-22.002,-197.547,16357,-1,1,S502_12.12.2018_NM,,H2O,1567391290.18,0.086,0.295,46.829,0,0.002,1.126,90.956,22.008,2.042,82.931,0.721,-0.518,0,0,1,39.812,1,40,1,test02,0,1
237,P-5248,2019/09/02 02:32:05,1-40,3,-21.918,-197.361,20582,-1,1,S502_12.12.2018_NM,,H2O,1567391829.85,0.086,0.288,50.898,0,0,1.205,116.148,27.336,2.649,105.13,0.724,-0.589,0,0,1,39.688,1,40,1,test02,0,1
238,P-5248,2019/09/02 02:41:04,1-40,4,-21.889,-197.211,20392,0,1,S502_12.12.2018_NM,,H2O,1567392368.55,0.085,0.292,51.103,0,0.001,1.218,114.903,27.469,2.59,103.44,0.723,-0.698,0,0,1,39.625,1,40,1,test02,0,1
239,P-5248,2019/09/02 02:50:03,1-40,5,-21.895,-197.211,20539,0,1,S502_12.12.2018_NM,,H2O,1567392907.08,0.091,0.333,51.15,0,0.001,1.222,115.465,28.231,2.655,104.362,0.725,-0.454,0,0,1,39.625,1,40,1,test02,0,1
240,P-5248,2019/09/02 02:59:01,1-40,6,-21.885,-197.173,20436,0,1,S502_12.12.2018_NM,,H2O,1567393445.58,0.085,0.323,50.691,0,0.002,1.2,115.032,27.549,2.664,104.406,0.724,-0.449,0,0,1,39.875,1,40,1,test02,0,1
241,P-5249,2019/09/02 03:08:01,1-41,1,-15.401,-154.725,20275,-1,1,T_26.09.2018_NM,,H2O,1567393985.43,0.086,0.266,51.228,0,0,1.213,114.121,27.021,2.614,104.227,0.723,-0.561,0,0,1,39.938,1,41,1,test02,0,1
242,P-5249,2019/09/02 03:17:01,1-41,2,-15.24,-152.94,20562,-1,1,T_26.09.2018_NM,,H2O,1567394525.13,0.082,0.336,51.389,0,0,1.218,116.186,27.136,2.598,104.718,0.724,-0.843,0,0,1,39.75,1,41,1,test02,0,1
243,P-5249,2019/09/02 03:25:59,1-41,3,-15.203,-152.476,20540,-1,1,T_26.09.2018_NM,,H2O,1567395063.65,0.078,0.261,50.465,0,-0.001,1.201,115.889,27.263,2.631,104.997,0.724,-0.7,0,0,1,39.625,1,41,1,test02,0,1
244,P-5249,2019/09/02 03:34:58,1-41,4,-15.194,-152.383,20593,0,1,T_26.09.2018_NM,,H2O,1567395602.22,0.083,0.329,51.206,0,-0.001,1.218,116.448,26.737,2.607,105.819,0.724,-0.699,0,0,1,39.562,1,41,1,test02,0,1
245,P-5249,2019/09/02 03:43:57,1-41,5,-15.184,-152.264,20339,0,1,T_26.09.2018_NM,,H2O,1567396141.32,0.082,0.283,50.981,0,-0.001,1.213,114.587,26.865,2.62,104.739,0.724,-0.504,0,0,1,39.562,1,41,1,test02,0,1
246,P-5249,2019/09/02 03:52:57,1-41,6,-15.183,-152.187,20571,0,1,T_26.09.2018_NM,,H2O,1567396681.18,0.084,0.294,51.065,0,-0.001,1.208,115.826,27.366,2.674,106.275,0.725,-0.4,0,0,1,39.5,1,41,1,test02,0,1
247,P-5250,2019/09/02 04:01:55,1-42,1,-40.152,-307.48,20081,-1,1,T_30.10.2018_NM,,H2O,1567397219.52,0.094,0.318,51.329,0.001,0.005,1.217,112.938,27.71,2.543,100.669,0.724,-0.552,0,0,1,39.562,1,42,1,test02,0,1
248,P-5250,2019/09/02 04:10:54,1-42,2,-40.831,-314.19,20783,-1,1,T_30.10.2018_NM,,H2O,1567397758.25,0.091,0.443,51.194,0.001,0.008,1.219,117.212,28.156,2.672,105.776,0.724,-0.353,0,0,1,39.562,1,42,1,test02,0,1
249,P-5250,2019/09/02 04:19:53,1-42,3,-40.924,-315.431,20822,-1,1,T_30.10.2018_NM,,H2O,1567398296.97,0.086,0.429,51.25,0.001,0.007,1.219,116.882,28.919,2.763,107.023,0.725,0.07,0,0,1,39.625,1,42,1,test02,0,1
250,P-5250,2019/09/02 04:28:51,1-42,4,-40.99,-316.216,20698,0,1,T_30.10.2018_NM,,H2O,1567398835.62,0.08,0.39,50.569,0.001,0.006,1.204,116.544,28.563,2.648,104.695,0.724,-0.351,0,0,1,40,1,42,1,test02,0,1
251,P-5250,2019/09/02 04:37:50,1-42,5,-40.838,-315.743,20609,0,1,T_30.10.2018_NM,,H2O,1567399373.76,0.111,0.488,37.784,0.002,0.009,0.887,116.088,28.364,2.606,103.555,0.724,-0.495,0,0,1,39.938,1,42,1,test02,0,1
252,P-5250,2019/09/02 04:46:49,1-42,6,-40.931,-316.327,20842,0,1,T_30.10.2018_NM,,H2O,1567399913.62,0.087,0.339,52.106,0.001,0.006,1.234,118.081,28.177,2.557,103.457,0.724,-0.93,0,0,1,39.75,1,42,1,test02,0,1
253,P-5251,2019/09/02 04:55:48,1-43,1,-32.701,-253.807,20169,-1,1,T338_31.12.2018_NM,,H2O,1567400452.26,0.079,0.317,51.319,0,0.005,1.223,113.743,27.343,2.476,100.918,0.724,-0.813,0,0,1,39.625,1,43,1,test02,0,1
254,P-5251,2019/09/02 05:04:47,1-43,2,-32.486,-251.088,20548,-1,1,T338_31.12.2018_NM,,H2O,1567400991.28,0.082,0.262,51.525,0,0.001,1.22,115.857,28.374,2.548,102.351,0.724,-0.78,0,0,1,39.625,1,43,1,test02,0,1
255,P-5251,2019/09/02 05:13:46,1-43,3,-32.457,-250.669,20641,-1,1,T338_31.12.2018_NM,,H2O,1567401530.21,0.087,0.295,51.848,0,0.002,1.228,116.241,28.049,2.671,105.187,0.724,-0.407,0,0,1,39.625,1,43,1,test02,0,1
256,P-5251,2019/09/02 05:22:45,1-43,4,-32.431,-250.46,20319,0,1,T338_31.12.2018_NM,,H2O,1567402068.8,0.084,0.292,51.301,0,0.002,1.222,114.4,27.531,2.565,103.18,0.723,-0.484,0,0,1,39.625,1,43,1,test02,0,1
257,P-5251,2019/09/02 05:31:44,1-43,5,-32.458,-250.469,20555,0,1,T338_31.12.2018_NM,,H2O,1567402608.68,0.083,0.282,51.348,0,0.002,1.215,115.848,27.953,2.606,103.882,0.724,-0.538,0,0,1,39.625,1,43,1,test02,0,1
258,P-5251,2019/09/02 05:40:43,1-43,6,-32.41,-250.255,20740,0,1,T338_31.12.2018_NM,,H2O,1567403147.19,0.081,0.317,51.885,0,0.003,1.223,116.735,28.339,2.686,105.852,0.723,-0.331,0,0,1,39.625,1,43,1,test02,0,1
259,P-5252,2019/09/02 05:49:41,1-44,1,-37.47,-296.462,20375,-1,1,T345_27.01.2019_NM,,H2O,1567403685.62,0.088,0.343,51.448,0,0.004,1.226,114.602,27.9,2.608,103.22,0.723,-0.405,0,0,1,39.688,1,44,1,test02,0,1
260,P-5252,2019/09/02 05:58:41,1-44,2,-37.63,-298.417,20494,-1,1,T345_27.01.2019_NM,,H2O,1567404225.36,0.078,0.341,51.035,0,0.005,1.216,115.205,28.165,2.626,104.085,0.723,-0.305,0,0,1,39.75,1,44,1,test02,0,1
261,P-5252,2019/09/02 06:07:40,1-44,3,-37.61,-298.692,20817,-1,1,T345_27.01.2019_NM,,H2O,1567404764.15,0.087,0.326,51.124,0,0.004,1.21,117.395,28.727,2.615,104.415,0.725,-0.547,0,0,1,39.938,1,44,1,test02,0,1
262,P-5252,2019/09/02 06:16:39,1-44,4,-37.596,-298.783,20660,0,1,T345_27.01.2019_NM,,H2O,1567405302.69,0.079,0.351,51.531,0.001,0.004,1.22,116.276,28.719,2.641,103.89,0.724,-0.429,0,0,1,40,1,44,1,test02,0,1
263,P-5252,2019/09/02 06:25:37,1-44,5,-37.61,-298.866,20749,0,1,T345_27.01.2019_NM,,H2O,1567405841.38,0.077,0.338,52.121,0,0.004,1.235,116.637,28.894,2.661,105.155,0.724,-0.285,0,0,1,39.875,1,44,1,test02,0,1
264,P-5252,2019/09/02 06:34:36,1-44,6,-37.667,-299.27,20433,0,1,T345_27.01.2019_NM,,H2O,1567406380.14,0.081,0.31,51.619,0.001,0.004,1.223,115.184,27.855,2.576,102.839,0.724,-0.605,0,0,1,39.812,1,44,1,test02,0,1
265,P-5253,2019/09/02 06:43:35,1-45,1,-18.812,-162.816,20323,-1,1,S497_21.10.2018_Auffuellung,,H2O,1567406919.14,0.079,0.317,51.354,0,0,1.224,114.4,26.806,2.63,105.219,0.723,-0.412,0,0,1,39.688,1,45,1,test02,0,1
266,P-5253,2019/09/02 06:52:35,1-45,2,-18.257,-156.519,20699,-1,1,S497_21.10.2018_Auffuellung,,H2O,1567407458.86,0.081,0.279,51.524,0,-0.003,1.22,116.729,27.667,2.627,105.868,0.724,-0.558,0,0,1,39.562,1,45,1,test02,0,1
267,P-5253,2019/09/02 07:01:34,1-45,3,-18.181,-155.478,20224,-1,1,S497_21.10.2018_Auffuellung,,H2O,1567407997.86,0.084,0.324,50.959,0,-0.003,1.208,113.931,26.908,2.572,103.244,0.723,-0.666,0,0,1,39.562,1,45,1,test02,0,1
268,P-5253,2019/09/02 07:10:33,1-45,4,-18.168,-154.978,20520,0,1,S497_21.10.2018_Auffuellung,,H2O,1567408537.97,0.083,0.273,51.136,0,-0.002,1.212,115.43,27.403,2.684,106.044,0.724,-0.319,0,0,1,39.5,1,45,1,test02,0,1
269,P-5253,2019/09/02 07:19:33,1-45,5,-18.174,-154.754,20312,0,1,S497_21.10.2018_Auffuellung,,H2O,1567409076.87,0.084,0.356,50.703,0,-0.002,1.203,114.196,27.312,2.64,104.244,0.723,-0.423,0,0,1,39.5,1,45,1,test02,0,1
270,P-5253,2019/09/02 07:28:32,1-45,6,-18.117,-154.439,20535,0,1,S497_21.10.2018_Auffuellung,,H2O,1567409615.77,0.075,0.29,51.712,0,-0.001,1.226,115.151,27.828,2.722,106.516,0.723,-0.097,0,0,1,39.562,1,45,1,test02,0,1
271,P-5254,2019/09/02 07:37:30,1-46,1,-22.84,-178.876,20206,-1,1,S487_10.09.2018_Auffuellung,,H2O,1567410154.69,0.074,0.287,50.811,0,0,1.204,113.566,27.399,2.571,102.936,0.723,-0.486,0,0,1,39.625,1,46,1,test02,0,1
272,P-5254,2019/09/02 07:46:29,1-46,2,-22.991,-179.946,20715,-1,1,S487_10.09.2018_Auffuellung,,H2O,1567410693.29,0.078,0.282,51.413,0,0,1.222,116.61,27.823,2.708,106.923,0.724,-0.301,0,0,1,39.562,1,46,1,test02,0,1
273,P-5254,2019/09/02 07:55:29,1-46,3,-23.002,-180.064,20415,-1,1,S487_10.09.2018_Auffuellung,,H2O,1567411233.06,0.09,0.28,51.237,0,0,1.219,114.925,27.678,2.618,103.74,0.724,-0.61,0,0,1,39.5,1,46,1,test02,0,1
274,P-5254,2019/09/02 08:04:28,1-46,4,-22.996,-180.047,20385,0,1,S487_10.09.2018_Auffuellung,,H2O,1567411771.82,0.091,0.3,51.396,0.001,0,1.217,114.753,27.526,2.634,103.931,0.724,-0.497,0,0,1,39.5,1,46,1,test02,0,1
275,P-5254,2019/09/02 08:13:27,1-46,5,-23.009,-180.051,20411,0,1,S487_10.09.2018_Auffuellung,,H2O,1567412310.52,0.093,0.286,51.404,0,0.001,1.223,114.975,27.547,2.593,103.708,0.723,-0.621,0,0,1,39.562,1,46,1,test02,0,1
276,P-5254,2019/09/02 08:22:26,1-46,6,-23.024,-180.066,20557,0,1,S487_10.09.2018_Auffuellung,,H2O,1567412850.49,0.081,0.318,51.537,0,0.001,1.22,115.928,27.632,2.616,104.427,0.724,-0.633,0,0,1,39.5,1,46,1,test02,0,1
277,P-5255,2019/09/02 08:31:25,1-47,1,-19.31,-145.952,20102,-1,1,S489_21.09.2018_Auffuellung,,H2O,1567413389.03,0.082,0.262,50.865,0,-0.001,1.21,113.005,26.979,2.564,103.043,0.724,-0.496,0,0,1,39.5,1,47,1,test02,0,1
278,P-5255,2019/09/02 08:40:24,1-47,2,-19.233,-144.397,20627,-1,1,S489_21.09.2018_Auffuellung,,H2O,1567413928.3,0.084,0.292,52.133,0,-0.001,1.236,116.378,27.697,2.584,104.678,0.723,-0.794,0,0,1,39.438,1,47,1,test02,0,1
279,P-5255,2019/09/02 08:49:23,1-47,3,-19.108,-143.995,20513,-1,1,S489_21.09.2018_Auffuellung,,H2O,1567414466.78,0.082,0.284,50.645,0,0,1.207,115.516,27.235,2.664,105.115,0.723,-0.542,0,0,1,39.375,1,47,1,test02,0,1
280,P-5255,2019/09/02 08:58:23,1-47,4,-18.988,-143.302,20874,0,1,S489_21.09.2018_Auffuellung,,H2O,1567415006.9,0.088,0.319,52.17,0,-0.001,1.235,117.581,27.931,2.738,107.267,0.724,-0.39,0,0,1,39.312,1,47,1,test02,0,1
281,P-5255,2019/09/02 09:07:22,1-47,5,-19.169,-143.781,20389,0,1,S489_21.09.2018_Auffuellung,,H2O,1567415545.62,0.086,0.292,50.915,0,0,1.213,114.558,27.528,2.668,104.947,0.723,-0.37,0,0,1,39.312,1,47,1,test02,0,1
282,P-5255,2019/09/02 09:16:21,1-47,6,-19.159,-143.73,20296,0,1,S489_21.09.2018_Auffuellung,,H2O,1567416085.48,0.081,0.318,50.82,0,0,1.204,113.943,27.315,2.694,104.829,0.724,-0.303,0,0,1,39.312,1,47,1,test02,0,1
283,P-5256,2019/09/02 09:25:20,1-48,1,-26.121,-219.547,20227,-1,1,S535_30.03.2019_Auffuellung,,H2O,1567416624.62,0.09,0.334,50.334,0,0.002,1.191,113.739,27.203,2.648,103.861,0.724,-0.308,0,0,1,39.312,1,48,1,test02,0,1
284,P-5256,2019/09/02 09:34:18,1-48,2,-26.27,-222.675,20384,-1,1,S535_30.03.2019_Auffuellung,,H2O,1567417161.81,0.084,0.287,49.757,0,0.003,1.181,114.779,27.878,2.598,103.55,0.724,-0.44,0,0,1,39.375,1,48,1,test02,0,1
285,P-5256,2019/09/02 09:43:17,1-48,3,-26.327,-223.358,20424,-1,1,S535_30.03.2019_Auffuellung,,H2O,1567417701.23,0.08,0.309,50.589,0,0.003,1.203,115.105,27.463,2.645,104.519,0.724,-0.369,0,0,1,39.312,1,48,1,test02,0,1
286,P-5256,2019/09/02 09:52:16,1-48,4,-26.381,-223.859,20445,0,1,S535_30.03.2019_Auffuellung,,H2O,1567418240.42,0.081,0.296,51.03,0,0.002,1.208,115.056,27.972,2.587,103.617,0.724,-0.446,0,0,1,39.375,1,48,1,test02,0,1
287,P-5256,2019/09/02 10:01:15,1-48,5,-26.369,-223.963,20385,0,1,S535_30.03.2019_Auffuellung,,H2O,1567418779.28,0.081,0.309,48.058,0.001,0.003,1.134,114.949,27.409,2.592,103.576,0.724,-0.521,0,0,1,39.375,1,48,1,test02,0,1
288,P-5256,2019/09/02 10:10:14,1-48,6,-26.304,-223.693,20350,0,1,S535_30.03.2019_Auffuellung,,H2O,1567419318.32,0.082,0.326,26.699,0.001,0.004,0.566,114.507,28.142,2.558,102.709,0.723,-0.56,0,0,1,39.438,1,48,1,test02,0,1
289,P-5257,2019/09/02 10:19:12,1-49,1,-19.777,-151.114,20140,-1,1,S491_24.09.2018_Auffuellung,,H2O,1567419856.58,0.078,0.264,50.735,0,0,1.203,113.156,27.098,2.614,103.878,0.723,-0.333,0,0,1,39.438,1,49,1,test02,0,1
290,P-5257,2019/09/02 10:28:12,1-49,2,-19.577,-148.021,20654,-1,1,S491_24.09.2018_Auffuellung,,H2O,1567420396.28,0.083,0.302,44.202,0,-0.002,1.03,116.618,27.939,2.621,104.796,0.724,-0.638,0,0,1,39.5,1,49,1,test02,0,1
291,P-5257,2019/09/02 10:37:11,1-49,3,-19.564,-147.361,20729,-1,1,S491_24.09.2018_Auffuellung,,H2O,1567420935.34,0.084,0.284,50.886,0,-0.001,1.204,117.042,27.674,2.646,106.046,0.724,-0.552,0,0,1,39.5,1,49,1,test02,0,1
292,P-5257,2019/09/02 10:46:09,1-49,4,-19.588,-147.261,20625,0,1,S491_24.09.2018_Auffuellung,,H2O,1567421473.54,0.08,0.325,50.324,0,-0.001,1.191,116.258,27.887,2.642,104.912,0.723,-0.639,0,0,1,39.438,1,49,1,test02,0,1
293,P-5257,2019/09/02 10:55:08,1-49,5,-19.531,-147.013,20586,0,1,S491_24.09.2018_Auffuellung,,H2O,1567422012.2,0.079,0.254,51.234,0,-0.001,1.213,116.234,26.98,2.685,106.207,0.724,-0.499,0,0,1,39.438,1,49,1,test02,0,1
294,P-5257,2019/09/02 11:04:07,1-49,6,-19.35,-146.265,21013,0,1,S491_24.09.2018_Auffuellung,,H2O,1567422551.58,0.089,0.251,47.809,0,-0.001,1.131,119.036,27.837,2.669,106.736,0.724,-0.764,0,0,1,39.438,1,49,1,test02,0,1
295,P-5258,2019/09/02 11:13:06,1-50,1,-11.185,-100.209,20255,-1,1,S494_10.10.2018_Auffuellung,,H2O,1567423090.09,0.077,0.388,50.07,0,-0.003,1.184,114.135,26.711,2.655,104.301,0.724,-0.527,0,0,1,39.375,1,50,1,test02,0,1
296,P-5258,2019/09/02 11:22:05,1-50,2,-11.103,-98.513,20417,-1,1,S494_10.10.2018_Auffuellung,,H2O,1567423629.15,0.086,0.33,51.858,0,-0.002,1.229,114.977,27.172,2.599,104.935,0.724,-0.519,0,0,1,39.312,1,50,1,test02,0,1
297,P-5258,2019/09/02 11:31:04,1-50,3,-11.066,-98.122,20510,-1,1,S494_10.10.2018_Auffuellung,,H2O,1567424167.8,0.084,0.269,51.129,0,-0.002,1.217,115.699,26.864,2.636,106.013,0.724,-0.611,0,0,1,39.25,1,50,1,test02,0,1
298,P-5258,2019/09/02 11:40:03,1-50,4,-11.03,-97.791,20514,0,1,S494_10.10.2018_Auffuellung,,H2O,1567424706.98,0.076,0.321,51.822,0,-0.002,1.227,115.628,27.15,2.663,105.651,0.724,-0.521,0,0,1,39.188,1,50,1,test02,0,1
299,P-5258,2019/09/02 11:49:02,1-50,5,-11.039,-97.796,20354,0,1,S494_10.10.2018_Auffuellung,,H2O,1567425246.16,0.086,0.292,51.401,0,-0.002,1.218,114.788,26.732,2.595,104.679,0.723,-0.656,0,0,1,39.188,1,50,1,test02,0,1
300,P-5258,2019/09/02 11:58:01,1-50,6,-11.029,-97.621,20389,0,1,S494_10.10.2018_Auffuellung,,H2O,1567425785.16,0.08,0.316,49.281,0,-0.003,1.165,114.832,26.89,2.645,105.371,0.724,-0.476,0,0,1,39.125,1,50,1,test02,0,1
301,P-5259,2019/09/02 12:07:00,1-51,1,-27.51,-207.388,20223,-1,1,SEZ-2_3,,H2O,1567426324.81,0.085,0.363,48.251,0.001,0.001,1.139,113.744,27.197,2.63,103.653,0.723,-0.367,0,0,1,39.125,1,51,1,test02,0,1
302,P-5259,2019/09/02 12:15:59,1-51,2,-27.906,-211.951,20210,-1,1,SEZ-2_3,,H2O,1567426863.68,0.087,0.366,44.316,0.001,0.004,1.04,113.535,27.573,2.609,103.299,0.723,-0.304,0,0,1,39.125,1,51,1,test02,0,1
303,P-5259,2019/09/02 12:24:59,1-51,3,-27.897,-212.335,20258,-1,1,SEZ-2_3,,H2O,1567427402.97,0.091,0.355,44.037,0.001,0.004,1.03,113.891,27.528,2.61,103.294,0.723,-0.43,0,0,1,39.062,1,51,1,test02,0,1
304,P-5259,2019/09/02 12:33:57,1-51,4,-27.932,-212.747,20221,0,1,SEZ-2_3,,H2O,1567427941.46,0.083,0.298,46.605,0.001,0.004,1.096,113.609,27.495,2.61,103.345,0.724,-0.345,0,0,1,39.125,1,51,1,test02,0,1
305,P-5259,2019/09/02 12:42:55,1-51,5,-28.011,-213.312,20345,0,1,SEZ-2_3,,H2O,1567428479.33,0.077,0.313,48.626,0,0.004,1.155,114.519,27.847,2.564,102.744,0.723,-0.569,0,0,1,39.062,1,51,1,test02,0,1
306,P-5259,2019/09/02 12:51:54,1-51,6,-28.05,-213.61,20314,0,1,SEZ-2_3,,H2O,1567429018.58,0.081,0.315,47.683,0,0.003,1.119,114.244,27.417,2.618,104.076,0.723,-0.286,0,0,1,39.125,1,51,1,test02,0,1
307,P-5260,2019/09/02 13:00:53,1-52,1,-1.809,-20.535,20262,-1,1,HGL-1_7,,H2O,1567429557.17,0.088,0.301,48.815,0,-0.003,1.151,114.151,26.577,2.609,104.404,0.725,-0.684,0,0,1,39.188,1,52,1,test02,0,1
308,P-5260,2019/09/02 13:09:51,1-52,2,-1.143,-12.361,20257,-1,1,HGL-1_7,,H2O,1567430095.46,0.086,0.433,50.11,0,-0.007,1.187,114.224,26.316,2.629,104.76,0.723,-0.703,0,0,1,39.188,1,52,1,test02,0,1
309,P-5260,2019/09/02 13:18:50,1-52,3,-1.12,-11.685,20582,-1,1,HGL-1_7,,H2O,1567430633.8,0.08,0.407,44.376,0,-0.007,1.036,115.95,27.357,2.671,106.382,0.724,-0.575,0,0,1,39.25,1,52,1,test02,0,1
310,P-5260,2019/09/02 13:27:49,1-52,4,-1.034,-10.689,20578,0,1,HGL-1_7,,H2O,1567431173.79,0.082,0.44,48.317,0,-0.006,1.136,116.169,27.179,2.609,105.296,0.723,-0.885,0,0,1,39.25,1,52,1,test02,0,1
311,P-5260,2019/09/02 13:36:48,1-52,5,-0.999,-10.088,20423,0,1,HGL-1_7,,H2O,1567431712.13,0.08,0.346,44.689,0,-0.005,1.053,114.817,27.052,2.663,106.379,0.724,-0.383,0,0,1,39.312,1,52,1,test02,0,1
312,P-5260,2019/09/02 13:45:45,1-52,6,-0.99,-10.037,20604,0,1,HGL-1_7,,H2O,1567432249.94,0.085,0.352,41.733,0,-0.005,0.97,115.855,27.618,2.676,106.728,0.723,-0.543,0,0,1,39.375,1,52,1,test02,0,1
313,P-5261,2019/09/02 13:54:45,1-53,1,-42.039,-339.409,20250,-1,1,MXW_7,,H2O,1567432788.93,0.097,0.481,42.888,0.001,0.008,0.995,113.901,27.977,2.569,101.8,0.723,-0.349,0,0,1,39.312,1,53,1,test02,0,1
314,P-5261,2019/09/02 14:03:43,1-53,2,-43.27,-354.061,20453,-1,1,MXW_7,,H2O,1567433327.29,0.094,0.572,50.919,0.001,0.012,1.206,115.187,28.611,2.537,101.481,0.724,-0.584,0,0,1,39.312,1,53,1,test02,0,1
315,P-5261,2019/09/02 14:12:43,1-53,3,-43.476,-357.051,20368,-1,1,MXW_7,,H2O,1567433866.99,0.093,0.562,50.747,0.001,0.012,1.203,114.772,28.127,2.557,101.671,0.723,-0.552,0,0,1,39.312,1,53,1,test02,0,1
316,P-5261,2019/09/02 14:21:42,1-53,4,-43.551,-358.29,20448,0,1,MXW_7,,H2O,1567434405.77,0.086,0.52,50.514,0.001,0.01,1.198,115.026,28.704,2.536,101.97,0.723,-0.5,0,0,1,39.25,1,53,1,test02,0,1
317,P-5261,2019/09/02 14:30:41,1-53,5,-43.597,-358.98,20394,0,1,MXW_7,,H2O,1567434945.04,0.096,0.471,50.862,0.001,0.009,1.205,114.626,28.635,2.561,101.999,0.723,-0.367,0,0,1,39.25,1,53,1,test02,0,1
318,P-5261,2019/09/02 14:39:40,1-53,6,-43.606,-359.417,20379,0,1,MXW_7,,H2O,1567435484.33,0.084,0.453,50.553,0.001,0.008,1.198,114.619,28.451,2.591,101.991,0.723,-0.441,0,0,1,39.25,1,53,1,test02,0,1
319,P-5262,2019/09/02 14:48:39,1-54,1,-14.379,-117.052,20145,-1,1,HDW1_3,,H2O,1567436022.99,0.079,0.329,50.798,0,0,1.204,113.44,26.782,2.568,103.063,0.723,-0.701,0,0,1,39.188,1,54,2,test02,0,1
320,P-5262,2019/09/02 14:57:37,1-54,2,-13.576,-106.593,20290,-1,1,HDW1_3,,H2O,1567436561.41,0.091,0.348,49.075,0,-0.005,1.161,114.362,26.817,2.593,103.95,0.723,-0.635,0,0,1,39.125,1,54,2,test02,0,1
321,P-5262,2019/09/02 15:06:36,1-54,3,-13.493,-104.936,20456,-1,1,HDW1_3,,H2O,1567437100.29,0.082,0.335,49.172,0,-0.004,1.164,115.444,27.547,2.502,102.844,0.724,-0.86,0,0,1,39.25,1,54,2,test02,0,1
322,P-5262,2019/09/02 15:15:35,1-54,4,-13.426,-104.32,20420,0,1,HDW1_3,,H2O,1567437639.2,0.083,0.326,42.569,0,-0.004,0.993,115.28,27.577,2.489,101.737,0.723,-1.068,0,0,1,39.688,1,54,2,test02,0,1
323,P-5262,2019/09/02 15:24:33,1-54,5,-13.396,-103.994,20425,0,1,HDW1_3,,H2O,1567438177.4,0.084,0.337,41.858,0,-0.003,0.968,115.028,27.405,2.518,102.932,0.724,-0.908,0,0,1,39.562,1,54,2,test02,0,1
324,P-5262,2019/09/02 15:35:03,1-54,6,-13.308,-103.493,20614,0,1,HDW1_3,,H2O,1567438807.58,0.08,0.342,46.992,0,-0.003,1.099,116.077,27.772,2.584,104.723,0.723,-0.704,0,0,1,39.688,1,54,3,test02_wash,0,1
